"LIB_MOD";"CODGEO";"P18_POP15P";"P08_NSCOL15P";"P08_NSCOL15P_DIPL0";"P08_NSCOL15P_BAC";"P08_NSCOL15P_BACP2";"P08_NSCOL15P_SUP";"P13_NSCOL15P";"P13_NSCOL15P_DIPLMIN";"P13_NSCOL15P_BAC";"P13_NSCOL15P_SUP";"P18_NSCOL15P";"P18_NSCOL15P_DIPLMIN";"P18_NSCOL15P_BAC";"P18_NSCOL15P_SUP2";"P18_NSCOL15P_SUP34";"P18_NSCOL15P_SUP5";"SUP_08_%";"SUP_13_%";"SUP_18_%";"SUP_08_18_%";"SUP_13_18_%"
"Paris";75056;1878752.61674007;1593680.42208151;215215.537527843;238480.715605321;194801.676164986;651204.479699651;1604650.29791372;328697.5983123;229369.52758043;914174.417678495;1585300.1957315;197864.474765539;199783.435899911;131210.485989704;244743.763152621;623399.336538148;24;57;63;162;11
"Antony";92002;51120.2643781662;41572.6967439127;4126.04317685652;6412.45846824196;5622.10847063989;13941.3441628573;42872.0469986504;8415.43908652496;6300.79383887171;22607.1193520355;44010.9627246897;4724.24369073169;5770.42623195357;4936.08917906622;6374.9333421806;15402.8421072446;27;53;61;126;15
"Asnières-sur-Seine";92004;68700.0535571339;56782.0939189152;9769.38804479751;9199.61368077093;7780.67038016522;15689.6040379774;59970.7733763111;14575.9015607774;9347.62313411099;28381.7349630621;59996.348360147;9176.79869238408;8625.88014300216;6356.98241859024;8107.29791531807;17559.1058520173;27;47;53;96;13
"Bagneux";92007;32225.1293817677;26671.4762076346;5015.72560695765;4564.41997715075;3123.83491995854;3721.04523022927;26586.7898785462;8979.38448805104;4699.90316816293;7829.70753335768;27794.8841808269;5790.82101424431;4930.45798629894;2708.85667267853;3107.70035596277;4253.94314614781;23;29;36;57;24
"Bois-Colombes";92009;22947.3802878168;19440.7957026701;2511.85069630718;3153.8480292505;2960.12290160381;5404.22128983414;19912.5317164821;4523.42387731732;3010.46427663651;9825.9888518916;19864.6563029341;2573.96344655734;2925.45481240519;2251.39880315399;3052.34468881525;5765.01350263725;30;49;56;87;14
"Boulogne-Billancourt";92012;101066.361832885;81819.5666879848;9730.36508497634;12546.0132328407;11162.4288482937;32318.8206998708;84285.7333562058;15591.2794789479;12024.3532889056;49303.5843868664;87960.0434088942;9190.91805411196;11055.7251660348;8540.2489647557;14061.7802340156;35477.7110627609;27;58;66;144;14
"Bourg-la-Reine";92014;17040.4158301229;14015.2817580782;1221.33079588325;1899.59298622616;1888.42546124109;6305.58516226093;13693.6928791455;2507.77461863637;1802.97671730677;8193.26324402152;14326.6312295986;1233.68861163725;1727.46744646449;1429.47674218375;2128.07219032914;6016.73175599721;27;60;67;148;12
"Châtenay-Malabry";92019;27769.4661861388;20834.5619734396;3191.56798578338;3151.0505264524;2904.10994768817;5516.40020084775;21508.1068676539;5243.44863887978;3410.0288515123;9407.77186691638;23381.1875020967;3677.18500217959;3433.74555117113;2701.63768170407;2982.42809059057;5807.56114284782;28;44;49;75;11
"Châtillon";92020;30020.165269659;23253.2990001759;2498.86421573014;3998.54627960124;3710.60952244327;6459.72557208605;25464.6498658902;5287.299965503;4110.98692451184;12729.0824508385;26144.6162576887;3506.84842922838;3751.79145728738;3275.9445914518;3378.64178034872;7531.57657632894;32;50;54;69;8
"Chaville";92022;16809.0775351804;13040.4274280618;1238.57075134706;2002.79844963611;2005.20689612509;4546.23188825219;13974.1930223873;2893.57710148758;1927.9965293293;7561.99306407639;14667.8992394992;1740.16416730805;1752.03566893239;1606.99258646483;2216.33199255737;5077.95854172012;31;54;61;97;13
"Clamart";92023;42837.4327755989;36467.9800950534;5061.69561345349;5669.52821339115;5231.25699997678;9422.86414746161;36993.2167384601;9269.38856684974;6112.10263423853;15941.4332891535;37343.6767916726;5731.38230427816;5687.77460655978;4693.2403236152;4927.68791581297;8783.02046722131;29;43;49;69;14
"Clichy";92024;50536.2519819853;41271.1807909803;10212.6821250435;6530.57241729075;5235.45056849651;8082.46307673849;41867.4848666362;12535.452707025;6770.17641074192;16311.1336506858;43571.6696439669;9230.74395901603;6645.14409747388;4432.05578498365;5348.35476438628;10183.9349255027;25;39;46;84;18
"Colombes";92025;67969.6935349098;57383.5221581738;11999.2965051294;9548.6988080427;7292.88650699853;11027.2042120477;57462.9359062171;17502.3968813498;9290.97930852999;21132.3677475104;58709.2755402671;11809.9810446211;9101.78301528399;6494.12393439448;7002.32806994425;12241.0648418277;25;37;44;76;19
"Courbevoie";92026;67644.3708162278;60665.7556790542;6102.29272964632;9899.95029885866;9039.97375759786;22748.6078988271;60029.551723015;10604.6351272711;9683.55923233796;33409.7953405564;58318.8103679172;5533.81746405882;8573.61405182265;6541.51524960449;8490.63865123266;21147.7056119159;30;56;62;107;11
"Fontenay-aux-Roses";92032;20110.452482079;16907.4341883237;1786.52620534283;2901.21648762464;2295.23283444985;5313.69716024246;15499.0975745336;3442.52354241103;2403.6322847271;7407.08948547641;17068.504737173;2403.06251514226;2621.10730809728;1989.70299469587;2230.79738849338;4542.52574790621;27;48;51;89;6
"Garches";92033;14539.8472590952;12546.031753002;1209.22483805322;1914.28510918066;1882.76521608937;4859.44091345323;12117.2131075243;2281.89044782578;1770.11098859663;6740.1409813699;12493.7872571926;1311.41315078167;1818.29227848744;1388.47301621993;1855.10097363329;4341.30725146456;30;56;61;103;9
"La Garenne-Colombes";92035;23856.8358110044;19266.0861676356;2298.67445222051;2910.85045238828;2927.54859115161;5598.72160556721;20085.5281515986;4007.77414377321;3075.00331840044;10357.6518751362;20927.714192016;2220.86109680325;2980.63486546784;2654.53789382329;2952.36608226915;6570.23912081279;30;52;58;93;12
"Gennevilliers";92036;36902.1529615176;28634.958142762;10372.6636756135;4075.80592412805;2429.37377324409;2055.06162145188;29684.3616761522;12339.1705415169;4785.86944816658;6096.7273533249;32056.2116407234;10600.2616075095;5578.49307664857;2848.7796151405;2295.01088697438;2822.57724253281;17;21;25;47;19
"Issy-les-Moulineaux";92040;55927.0618761952;45065.2056945728;4881.57929277358;6732.99566690802;6522.71842285253;16758.32431059;46569.0084937364;8403.2610301302;6843.48451110952;26675.4047460167;48847.0899848564;4908.43715706905;6175.97245133241;5297.00279447611;7331.82850177514;18614.068519575;29;57;64;121;12
"Levallois-Perret";92044;53585.7530334929;45548.916931327;5352.96162731407;6816.63063333031;5667.02414120525;18140.4648283005;46321.0147435945;9029.98188452462;6721.84841069385;25819.0151858843;46994.7411504042;5057.60155861897;5982.44743864607;4823.94701160322;6728.03692677321;18063.8966444812;25;56;63;152;12
"Malakoff";92046;25369.62678035;21860.2200524395;3643.27516757919;3643.866943267;2757.11619461847;4493.55979024183;21694.5802590333;6034.67251052231;3660.26626034568;8540.3572405047;21613.9049298815;3847.71017928807;3388.90646254357;2140.57662937188;2990.66123218564;4915.56197091637;25;39;46;84;18
"Marnes-la-Coquette";92047;1431.01865889213;1102.64446472687;95.7929737043691;170.362232678198;156.080368860864;539.630517569716;1093.93242277269;136.504005743026;173.831679266342;706.192669764747;1203.91214771623;120.876967930029;149.84742468416;115.744217687075;202.552380952381;507.414382896016;28;65;69;146;6
"Meudon";92048;37039.5434461483;31776.0071536022;4315.1218228296;5089.80081413867;3996.08091880231;9930.77901580252;31865.1548114316;6445.26959955729;5025.37519367962;16054.8634744604;32337.1535754742;4790.54319102056;4446.82212881249;3482.52396803706;4321.57073701523;9524.00438500556;25;50;54;116;8
"Montrouge";92049;41071.1674586573;33953.2721570802;3511.49505105648;5434.92767432954;5233.88889065216;11603.9219584408;35655.0421483008;6853.58914929575;5279.9312955855;19197.5029864146;35169.1179690521;4361.90225214177;4551.05777495029;3742.81566298698;4953.38970675312;11853.5336432831;31;54;58;87;7
"Nanterre";92050;76594.1521643788;60042.2526535309;14387.7247087586;9482.64457392949;7601.21370051104;9851.15889367465;61590.9503949334;21543.0958433655;9703.32355823912;19313.8936847259;65344.8249509865;15350.5979241896;10041.3507945297;6460.4344219371;6859.0929498211;12824.7086599943;25;31;40;60;29
"Neuilly-sur-Seine";92051;49936.8185433736;43486.4868996424;4047.69814387459;7554.09908478504;4816.90457324859;21772.7021519619;44364.1886777314;6704.35317601938;6612.84043948093;28753.9260630101;43058.4962314359;3658.91362621989;5745.05405636735;2939.60252816645;7006.91058895622;20086.6172514512;22;65;70;218;8
"Le Plessis-Robinson";92060;23532.6945030544;17689.5374968813;2185.46531742985;3155.20374383412;2550.9791864095;4400.0449340398;19982.8891856723;3689.80617501641;3237.94859405158;9594.33787377035;20998.3136352361;2534.17415000674;3629.63939497015;3006.8341057526;2762.93492067552;4974.01726402412;29;48;51;76;6
"Puteaux";92062;36750.1072419823;31690.3861794301;4760.18710150397;4991.70359475819;4085.42871811974;10102.3986985564;31374.7007576412;6494.35542890569;4797.23523612463;16481.5869266905;32126.0452186321;4094.63268125955;4363.91194604646;3267.60695321677;4069.30975304775;11338.5418125592;26;53;58;123;9
"Rueil-Malmaison";92063;62531.8098354739;54225.8083393668;5879.20625749879;8353.22027715583;7898.97912777094;18130.7999315972;54980.6934988601;10601.3156494367;8204.7757132487;28784.0033621974;54119.5529735293;6297.95871269201;7463.07443013018;6577.3013888294;7417.27451838746;16884.5721062599;29;52;57;97;10
"Saint-Cloud";92064;24125.9681213197;20641.2191115262;1721.27313208966;3476.04785908552;2496.24368884491;9613.33941196072;20300.054584928;3085.28522731374;2905.00339899263;12887.0417469893;20631.7585139818;1728.36675615389;2388.28173330658;1980.66026001;3169.44124232192;9131.41547324774;24;63;69;188;10
"Sceaux";92071;16162.4636206466;13317.1451998834;833.612310715229;1929.61991905769;1770.56011184641;6357.47135588304;13495.3043848624;2024.85264007625;1729.85985669106;8484.17222402913;13263.1032011475;1052.87115570759;1612.10171229568;1274.3389089602;2070.75138564122;5558.44604225066;27;63;67;148;6
"Sèvres";92072;18737.2273116667;15969.7273837996;1724.5712114561;2458.92480045112;2243.12522627787;6227.89311682618;16081.9429065924;2557.29911331945;2474.38403545951;9449.74700398834;16260.3523249769;1716.6557758809;2107.59035438681;1804.43498835283;2403.58554955066;5787.87480986445;28;59;61;118;3
"Suresnes";92073;38827.9863085808;31755.1381369195;4215.5684610897;5121.22669590371;4546.85987362163;10253.5976015259;33320.5552593656;6838.0784826957;4812.53557225342;17430.4801252643;34105.0212093601;4489.71854419451;4795.33351793365;3810.04460044042;4257.71357538034;11620.5401007774;29;52;58;100;12
"Vanves";92075;23131.0891910371;18827.3069289409;1998.74205633306;3404.2227136146;2687.32731715944;5982.63798018876;19841.6831420542;3824.15822137048;3223.31154632939;10416.3029575505;19670.2558538116;2350.2910655166;2981.66496278189;2146.76237435445;3029.39704330052;6148.00043817113;29;52;58;100;12
"Vaucresson";92076;6959.53191040698;5894.07231774824;510.418213057814;939.173460957737;841.79290169184;2591.79602591676;6075.38716276873;943.140661228425;878.406196788259;3801.33523003899;6022.56301837629;577.291281687349;781.283227213679;648.889232933345;996.24630816801;2316.12067561155;29;63;66;128;5
"Ville-d'Avray";92077;8940.82141705576;7434.04444078901;587.803451297691;1199.43707422682;918.842298647681;3358.30954723496;7460.17177808949;945.97228280218;1154.8441628686;4740.19756682373;7571.60884663144;626.793740290016;1060.7750019289;873.782997426423;1312.8030393401;2832.47791035343;25;64;66;164;3
"Villeneuve-la-Garenne";92078;18346.9168432745;16334.2782885421;4650.04880516175;2583.29174050237;1563.61102865758;1616.93534840319;16608.5107355244;7476.03539544374;2697.0969270717;3167.21696561168;15837.0518797701;4811.40491038891;2989.26780287286;1472.79092806745;1170.69034631006;1290.14636822281;19;19;25;32;32
"Aubervilliers";93001;67845.3922060533;50330.459693775;20313.1858291454;7532.78007047463;3575.90900441922;3802.60690119576;52901.4938584939;27003.0824897762;8345.9878930085;9124.46213257964;58408.3168159847;23533.3607068501;9269.27128833669;4179.30557630257;4251.42217293191;4663.4284177132;14;17;22;57;29
"Aulnay-sous-Bois";93005;65949.9086787607;54025.3307409559;16867.5084375509;8449.04458958448;5035.22974207359;4697.95201201236;54541.7785606578;23699.4523136442;9170.25097300004;11228.6905090618;56936.9216525303;18760.8310415882;10436.0024730519;5244.21420746361;4347.73287599424;3887.63213486695;19;21;24;26;14
"Bagnolet";93006;28584.710265541;23435.4429081289;6636.81384659286;3511.4567396168;2332.46194804452;2917.40733642064;24469.2398298237;9651.62690046048;4038.00060146462;6476.74842615693;24928.6890112273;6632.87506899582;4199.39037248249;2237.03833696475;2723.84720017134;3653.19926260247;20;26;35;75;35
"Le Blanc-Mesnil";93007;43364.1778069677;33831.0335838112;11408.0654102975;5180.2818226726;2542.74159609822;1969.03390474896;34870.9963723912;16796.6362480806;5847.70552509516;5417.58633291497;37647.8209335148;13892.5244485025;6708.22628055792;2869.53475902755;2218.35398443309;1751.36620766602;15;16;18;20;12
"Bobigny";93008;40903.965859954;30364.5452182446;11913.6339632208;4499.47083225371;2011.83683517281;2276.41288943072;32404.0921165904;16366.8824537659;5055.2679313806;5167.73367506727;34518.4528237135;14857.6952957923;5524.24421433759;2331.47858069226;2172.04554618003;1955.39503127507;13;16;19;46;19
"Bondy";93010;41235.3464155281;35527.1871220387;10928.2849281421;5350.21993178202;3373.24835123692;3103.23283078284;35486.8919757464;15822.8598396323;6081.36783431952;7048.55420629502;35938.9569486584;12163.3665649842;6809.91395480452;2962.47954906251;2657.64020672026;2502.7955182111;19;20;23;21;15
"Le Bourget";93013;12434.2633634555;9611.86306398166;2425.06450327054;1790.10553907064;971.831121165099;1082.9535718842;10910.8264297345;4623.71973234924;1913.57880532181;2502.53460013086;10882.0861202149;3940.32533209866;1942.1150127251;820.487043755816;801.955090524148;988.423414880087;20;23;24;20;4
"Clichy-sous-Bois";93014;20846.0425228339;17441.2023421907;8366.21923756939;2455.37053137483;1119.79611124894;1025.59099131832;18292.2453536961;10256.3789959393;2604.24248363478;2358.7222620559;17672.0497970273;8175.9530757027;2796.52000239558;1197.1549109755;862.446282111665;521.295057948906;13;13;15;15;15
"Coubron";93015;3814.20567759514;3366.27988123716;410.919025401846;655.824333070384;550.888836744501;391.167437888743;3337.97812624572;807.91086365793;656.170769039345;1050.99151561831;3429.24949122389;577.848405948491;718.921721648351;497.532731257564;403.387291524844;285.863770964923;33;31;35;6;13
"La Courneuve";93027;33432.2582003856;23666.8939949101;10462.510001354;3385.57757073894;1337.52234355457;1345.83872956918;26594.5734388886;14757.6357116664;3878.87570054408;3728.79670197598;28461.8315868345;12353.2659540872;4497.32186441346;1949.97261470502;1816.66832275119;1531.52706878244;11;14;19;73;36
"Drancy";93029;56081.5398531145;46207.0011987808;15865.4801805231;6738.79460092935;3438.2223588478;3051.78275102454;47220.7106591112;22064.9819488119;7515.78603432703;7824.20108820126;49002.6629942182;18514.0628049599;8392.86835560473;3996.33150730907;3072.4225157117;2567.60710771252;15;17;20;33;18
"Dugny";93030;7994.54499399253;6804.04136226182;1891.55313190741;1270.43374950737;612.964467850156;534.55970133143;6648.74102571124;2569.72903368275;1354.21662410915;1135.36137154412;6884.61323742456;2067.11468129703;1370.80394223002;561.385070841142;541.732288481716;333.142149361364;18;17;21;17;24
"Épinay-sur-Seine";93031;41517.920523414;34653.1209377191;10837.0219020975;6255.77143588822;3095.58560731845;3407.1817878518;35387.9062283474;15120.4447406138;7252.35503954176;6712.13027869876;35405.2283138932;10668.0145647776;6755.17434259712;3193.42892844268;2887.69879333443;2914.5424740028;18;19;25;39;32
"Gagny";93032;30862.2085613164;26665.9564102732;4931.47269510823;4871.92071054091;3192.14069622188;2775.75485612707;27100.8089852571;8895.80167611179;4951.59912069597;7418.50848216613;27193.3217693765;6195.41210598019;5311.52937231583;3030.9626320795;2675.45993620819;2647.18483531235;24;27;31;29;15
"Gournay-sur-Marne";93033;5544;4464;455;832;733;751;4758;1088;915;1809;4889;578;934;750;682;734;33;38;44;33;16
"L'Île-Saint-Denis";93039;6122.26931728148;4641.7353865639;1458.92970805884;715.19873704529;443.621412686699;399.445785246251;4633.18402015949;2046.473247658;781.149016504427;946.952594763043;5292.15804998344;1623.77615495204;873.770640981066;458.143536725829;472.573486493515;500.620466242218;19;20;27;42;35
"Les Lilas";93045;19110.2353533369;15791.2142801971;2494.54633552427;2640.16683106606;2003.61230714387;3463.64636746653;16131.367305771;4615.96050098563;2866.99515879009;6310.58504488185;16957.9120152687;3127.20149616335;2574.55390333115;1749.24455015992;2385.04318263539;3641.63730554326;25;39;46;84;18
"Livry-Gargan";93046;35350.0815226968;30054.9153620198;5542.31984694844;5434.89065990169;3632.98464419329;3229.18109000887;30536.7619583909;10743.3283250184;5826.16481294762;7268.80402785505;31414.4919133865;7258.11423815839;6007.16168963371;3568.82718861948;3125.91765394903;2561.14669321686;24;24;29;21;21
"Montfermeil";93047;20753.958797514;16536.0221242791;4883.81175125867;2328.65130235917;1510.28431570449;1161.34634110301;17466.5504842885;7535.06852529072;2850.75000234698;3386.87635568118;17991.4786376129;4965.7257832772;3226.88723523306;1815.69181946007;1271.51677986001;1103.10516187458;18;19;23;28;21
"Montreuil";93048;88192.4658850026;71558.0192710896;19316.7975502688;11108.3247496693;7639.57177494218;12086.8805278832;72736.3424860993;25855.3779736977;11275.3242390972;24859.5206006863;77135.2987701337;18669.5469894786;11863.7714925017;7328.30395971616;9352.87263166307;15010.7551025979;21;34;41;95;21
"Neuilly-Plaisance";93049;16991.5970018305;14344.3726086112;2614.53798800698;2499.45539815557;1865.80050583129;2432.30584229515;14505.9558860566;4111.66740640235;2643.81913163831;5177.44996417544;14655.8940783095;2765.58809068209;2564.20716409729;1837.67822226086;1920.75046241171;2289.40371410353;26;36;41;58;14
"Neuilly-sur-Marne";93050;27711.1562217513;22817.0491449782;5114.96265643992;3874.65418016811;2996.90613147772;2341.57900280178;23856.0471126402;8115.3615903551;4347.97314964182;6404.0565629875;24114.5580965105;5460.21303848306;4575.90010997576;3034.49810609146;2465.27518403806;2331.5956881556;26;27;32;23;19
"Noisy-le-Grand";93051;53666.9024253461;42871.6711896678;8598.46235391317;7581.61458643317;6012.16498185799;7100.13265528732;42738.0430731867;13518.6687397363;7878.33016081878;13883.4161282361;46420.1756019009;9572.40113451869;8454.7856397888;5978.69674961194;5342.73473326494;6669.81054863912;28;32;39;39;22
"Noisy-le-Sec";93053;33575.3719893517;26213.4250924134;7034.65618297803;4319.31551953252;2564.68587971923;2697.11700219229;27849.5702547807;11712.4440856924;4689.21611401908;6232.74911468688;29203.7013186737;8288.50168316269;5464.95075194771;3061.94602290185;2570.54344890943;2555.06772160966;20;22;28;40;27
"Pantin";93055;46265.7840035477;36379.8863405517;10236.33868549;6025.45814391203;3897.63736124104;5154.5327709376;37275.0043309165;14690.0385765737;6042.63946706007;11020.5662571938;40654.8901233413;10950.2408104835;6474.9684694182;3739.60865947603;4978.24491072296;6921.59349237556;21;30;38;81;27
"Les Pavillons-sous-Bois";93057;18592.293211053;14711.7567413303;2836.02158500756;2589.17132921469;1690.04842172275;1889.56076345825;15837.770248092;5134.73006828759;3060.80180809716;4600.8885933224;16553.9851487468;3911.49302446477;3370.47175028536;1835.908594174;1662.21717755367;1568.473716393;23;29;31;35;7
"Pierrefitte-sur-Seine";93059;23235.4920764297;18520.6782761308;6453.29411705885;2807.98154816775;1334.84160404302;1440.96790340159;18030.3384181638;8891.12923780174;2965.83151419264;2844.1314702117;19816.5581881422;7883.74383236109;3430.91589589669;1344.10361001229;1152.77067642528;1088.23545023548;14;16;18;29;12
"Le Pré-Saint-Gervais";93061;14325.8780068924;12401.8109217035;3175.17302149291;2279.52838657404;1371.60809226185;1807.31577095779;12546.602862133;4035.35106465339;2257.11863619464;4235.15182807311;12548.1089930129;3008.9770580613;2123.60963851198;1296.21156048688;1549.04490783896;1970.18526796699;22;34;38;73;12
"Le Raincy";93062;11982.0558895872;9867.66728083439;1151.73649066955;1863.35492563711;1561.98180488267;2187.92241788491;10350.6387635677;2431.74408056116;2093.69523951848;4304.69330176126;10369.839886117;1232.04929671776;2003.84653775236;1309.75887118462;1442.34789583589;2184.51954470258;32;42;48;50;14
"Romainville";93063;21927.5797423452;17439.555080026;4716.048687476;2707.68071176044;1631.6187844301;1602.94167057267;17728.8801479234;7180.8666980831;2930.02237315334;4113.8088330718;19272.8085186605;5085.56335589669;3198.74939185601;1980.05692694129;1813.11494106125;2472.24606294081;19;23;33;74;43
"Rosny-sous-Bois";93064;35982.9139919119;29421.5555008161;5965.23135759577;5578.14626373078;3847.76340673964;3795.66173125467;30300.1997799255;10167.7693807435;5952.95531284941;8748.8200351278;31927.4392596514;7540.05972338542;6064.35203403445;3684.85375451243;3306.80726610851;3385.0612243911;26;29;33;27;14
"Saint-Denis";93066;86770.7531632367;67835.8399485523;24839.4037161244;10353.9991563446;5648.05485006018;7116.88300735411;71910.3372442935;33781.5252342771;11195.0694901475;15937.8575300909;73596.6492640978;27009.7193588487;11741.3962456171;5531.74505337558;6156.44347087779;8189.21084314336;17;22;27;59;23
"Saint-Ouen-sur-Seine";93070;40317.4302981227;31690.7528314613;9466.19819112642;5365.35056027086;3313.67840117624;3942.99018511824;32985.0892215773;12127.3741090214;5432.85558216207;9863.3007790175;34759.7790927937;8552.9173168002;5514.42523382646;3155.2013756226;4245.40102423942;6085.90816896753;21;30;39;86;30
"Sevran";93071;38511.686125049;32893.9101988864;10655.2374318111;5557.54063272534;2888.9505582637;2254.17712876985;32272.4593049609;14286.0131880874;6001.24544219395;5690.14628436501;33373.763788638;11339.0612582968;6240.86101909806;2661.4845407715;2352.31877631453;1772.63659774272;18;18;20;11;11
"Stains";93072;28688.5808327931;22084.7708035793;8349.48161025986;2886.15334217699;1466.76320012555;1409.92150402682;23332.0896183388;12101.6678687085;3604.61526276157;3402.86560885614;24458.4464708663;9100.31270183484;5040.32037327358;1755.70928007434;1307.22925879537;971.687346074125;13;15;16;23;7
"Tremblay-en-France";93073;27980.147271649;23858.4478399695;5930.10527971571;3770.52342500518;2337.64446044508;1781.87380957179;23610.6599650123;9004.74475269342;4379.08295877605;4736.7117582752;24549.841824383;6119.01679745499;4967.92635487317;2773.06987492007;1948.5136283005;1362.5701272151;20;20;25;25;25
"Vaujours";93074;5481.51742672928;4238.67473657309;753.132302935206;754.275837084174;483.938164637651;378.441220534245;4839.76603207743;1519.68183622706;937.176323225612;1194.24074712546;4814.9670606825;1109.66518008805;987.536801002805;565.425719184306;442.845675430781;257.843552312917;23;25;26;13;4
"Villemomble";93077;23805.3839065927;19844.9824849523;3682.87306917273;3430.72764983045;2536.56372322667;2975.20668864599;20531.2982245804;6463.72595927502;3715.07279637261;6510.96173847277;21059.2075979372;3945.94662166765;3826.39058607483;2592.08322723486;2499.11622364818;2874.24323431804;26;32;38;46;19
"Villepinte";93078;28191.0512955083;23764.1938542081;6809.27624962604;4264.92694018463;2469.63451589345;1490.03301767437;23409.1380439819;9893.72111656908;4132.50785626185;4573.38888813732;24549.7089221099;7333.19056236971;4686.21717506846;2436.22648707078;1755.21155373122;1402.45493165027;21;20;23;10;15
"Villetaneuse";93079;10195.0124591756;7535.22265003112;3088.89681601403;1089.58553594116;503.335620606511;530.513830742009;7828.94198024051;3804.28353852795;1213.97137442534;1285.23246926519;8515.76439433582;3065.10026496349;1540.18600807236;641.904071671203;566.651679189297;543.797802957602;13;16;21;62;31
"Ablon-sur-Seine";94001;4504.01402652627;3791.16019861492;570.541033359714;785.333267999478;517.638061532166;468.604207500327;3806.94054054054;1121.54172593646;840.919108582266;1100.40023707918;3990.36496416836;735.81528574341;774.360219510758;540.829454630125;458.107960834538;408.136505702821;27;29;35;30;21
"Alfortville";94002;35926.8471539678;31246.7753357564;7061.49461378837;5214.00299373558;3495.42664043175;5008.29435311637;31555.3409644226;10285.1000737707;5593.36956953981;10268.3881069816;31277.7942798484;6756.81363207868;5269.1828808969;3203.71796057639;3603.63931310317;5413.5491932795;22;33;39;77;18
"Arcueil";94003;17725.1815434638;13794.3920896083;2297.6296583654;2095.50931443827;1626.48483363975;2782.29013020645;13526.6692779259;3950.60759435534;2155.08839413854;5002.16583718508;14948.0716680508;2871.52540269748;2317.06748343876;1350.87235911941;1662.24013381076;3521.05669542934;24;37;44;83;19
"Boissy-Saint-Léger";94004;13042.1378543993;10615.7201180212;2031.88713961038;1841.25987395173;1333.41072405944;1462.25747976177;11110.3132564009;3654.00731569039;2064.87798548413;2996.75898442232;11162.8795914918;2574.95766664003;2075.18566462551;1315.19771353027;1001.1203453044;1132.77237019086;25;27;31;24;15
"Bonneuil-sur-Marne";94011;14106.9186010267;10883.4910079393;3269.82045096688;1660.44604685633;961.01728834125;908.472708733283;11087.3535522129;4888.09595101245;1961.15993524957;1962.9726771665;12130.3421048925;3613.28288358735;1955.76070456476;1187.03914394158;879.499928239461;836.904020076013;18;18;24;33;33
"Bry-sur-Marne";94015;13655.0667987068;10840.3861532046;1171.04654908916;1990.02934221889;1708.32921082566;2628.83009100858;11536.5114189381;2238.45950424807;2314.15007655082;5295.67531657125;11695.7118220133;1564.61007293651;1891.54324725486;1594.93242747998;1667.16031309579;2744.52545267808;32;46;51;59;11
"Cachan";94016;25402.2746378039;18398.7066249402;2711.32844729594;3017.56839637082;2510.66694537979;4497.73934197013;18709.7466375106;5320.66246382054;2784.6322534723;7971.80958265338;19843.8470108814;3152.92267045917;2792.60645809121;1967.28106550722;2843.92557377187;5410.17872985265;27;43;52;93;21
"Champigny-sur-Marne";94017;60793.0378675283;52088.3161832853;13710.2839427382;8414.56946609465;5484.80936223272;6133.0068616339;52086.6246091742;18519.0390401257;9274.25605069536;14023.6425275704;52824.8105222301;13817.4176682877;9415.51161685817;5410.30224165066;5398.85680079739;5534.31911105635;21;27;31;48;15
"Charenton-le-Pont";94018;24494.7287017425;20325.6205633842;2058.06064289992;3542.92815092238;3028.47971216426;6456.75892139574;21257.1662114359;4463.85853129215;3678.14370063687;10527.8748320429;21379.0958784984;2414.52007950613;3361.92631459531;2602.52729303614;3066.58974054607;6115.13990944821;30;50;55;83;10
"Chennevières-sur-Marne";94019;14516.4222770001;12418.6078520345;2818.62128935671;2138.05349691396;1483.63444751279;1573.21609814723;12562.0568528129;4380.91601334396;2274.79176434212;3517.02038250235;12737.779076591;2903.72795779517;2293.51220109324;1533.42568001141;1325.91892274898;1275.59832904028;24;28;32;33;14
"Chevilly-Larue";94021;15653.9458718907;13347.6939095015;2492.0841858403;2635.55306233542;1664.89768027795;1711.41343932749;13429.3752364289;4334.28334329569;2583.22899864053;3941.17892648247;13635.5125020589;2939.4899853929;2478.64378132171;1716.66100587453;1348.87001281836;1612.11782297222;25;29;34;36;17
"Choisy-le-Roi";94022;36171.1329949849;26797.8508663151;6410.488589564;4656.95794090978;3105.76702370547;3593.96248279303;29389.0912147722;10140.3945005786;5309.21293469667;8613.29156317743;31543.0055564597;7267.84305879425;5801.61190783906;3572.85139896154;3502.66895121813;4077.67801728384;23;29;35;52;21
"Créteil";94028;72927.0339825644;59779.0135839577;11237.8455759218;11822.9208674144;7504.47874111994;10336.4789579859;59991.2807171797;18974.6333564909;11601.2763057482;19883.8827665073;61636.8169449752;12456.7833052288;11843.997246334;6769.85603284449;7088.7718564794;9016.33045912917;25;33;37;48;12
"Fontenay-sous-Bois";94033;41890.3797905051;36688.9221323821;5705.25615447762;6291.87561998585;4711.12646615144;8400.99958481996;36930.8624071154;10189.645277727;6320.36117444738;14500.0427557249;36616.9994696386;6845.13464681635;5600.03094634743;4092.41769905465;4748.72257444721;7668.30203952925;26;39;45;73;15
"Fresnes";94034;22717.8776131692;18213.8678340253;3179.87956214125;3035.89324734225;2924.40717344492;3058.85068018963;19323.1573059273;5626.01985879853;3568.13839839794;6814.47490426343;20216.851827783;3620.33881198409;3770.81189294322;2286.39160657309;2228.48338547104;2779.88190280992;32;35;36;12;3
"Gentilly";94037;15292.6325088229;12075.8644672116;2525.48044921759;1955.74306728015;1176.65348175597;2375.25638859055;11641.9966937186;3744.0064817777;1882.62038695156;3923.19700765814;12926.2593925728;2648.78728668808;2101.87275955357;1211.2995119357;1397.91595109741;2838.93103514282;19;34;42;121;24
"L'Haÿ-les-Roses";94038;25095.7468081247;21001.7439733533;3678.5677721676;3324.26322852018;2672.12194842419;4462.0131472997;21979.3619912002;6303.36704933062;3768.01764438019;8274.05511642568;21785.3040916667;4294.78891045518;3528.72533595748;2515.44952007253;2431.96039975827;3955.41553441722;25;38;41;64;8
"Ivry-sur-Seine";94041;51771.5939597248;39121.8854689555;10067.7895125682;6919.08156623018;4082.36660625106;6385.34049443408;40966.6155330699;15011.2357690262;6704.84547563269;12996.3371036414;43194.2317776893;10885.4110970871;6540.15334293252;4088.50494507689;4741.08971820692;8204.39912644457;21;32;39;86;22
"Joinville-le-Pont";94042;16053.4357949373;12792.9025054915;1658.04791555972;2384.28183256304;1785.37208741156;2784.19876757081;13209.6969325739;3390.49275738971;2505.19652945387;5339.32281874347;14002.4257755765;2088.16477675691;2305.91125104695;1629.75046142826;2099.65352761489;3101.3515320211;28;40;49;75;22
"Le Kremlin-Bicêtre";94043;20461.3923573319;17731.1719614186;2625.28387265087;3195.58408849349;2604.52085489121;4152.56263707859;17560.1815868464;4519.08709543916;3354.22111594815;7188.58233427159;16875.8578264991;2775.79259197962;2727.03157804455;1821.22261372337;2228.96945217491;3996.48397144832;29;41;48;66;17
"Limeil-Brévannes";94044;20759.2630611055;13058.037458453;2122.04915340547;2190.76065582361;2896.94727928609;1285.25316882903;15594.4770871913;4977.46640047671;3112.71091207708;4477.96866241634;18377.4373314023;3198.58519816802;3712.42443351909;2569.6814367674;2286.57795245163;1887.85863121812;44;29;37;-16;28
"Maisons-Alfort";94046;46633.3323498332;38475.960933562;5307.37318992457;7199.5292912037;5608.13819337946;7592.97944240591;39334.5765092885;10076.6608740926;7184.92311577928;15609.0049406865;40099.4617159247;5757.18127643694;6994.42343657735;5087.09180976499;5452.7849935155;8397.7736651826;29;40;47;62;18
"Mandres-les-Roses";94047;3866.33999112295;3073.47134563712;446.74462822274;561.244410547261;510.66084494933;501.443839665136;3167.18866428855;823.473063598677;567.607978061296;1058.74142108815;3408.37106080781;530.244489950548;676.864436767936;441.067801853421;433.570952036516;375.961362527977;33;33;37;12;12
"Marolles-en-Brie";94048;3921;3311;238;701;647;725;3304;595;699;1442;3366;296;665;572;461;557;39;44;47;21;7
"Nogent-sur-Marne";94052;26827.5468576494;22319.7682855089;2158.1837090832;3975.05363115804;3162.00419764586;7631.79618487891;22670.9543956058;4330.78740594782;3668.16710278602;11991.9168657146;23608.5193291977;2170.19959535542;3598.72757226841;2930.98578547118;3846.95647713584;7395.27509267432;28;53;60;114;13
"Noiseau";94053;3775;3082;304;688;497;436;3317;799;719;1067;3322;483;677;482;358;364;32;32;36;12;12
"Orly";94054;17986.3484186159;14320.7745697033;4226.91214353441;2166.05362073957;1226.70507562616;1033.99236348457;14997.4023359016;6529.6530546454;2487.95966478731;2902.93580410807;15747.2468343036;4491.62753037924;2989.17090374665;1622.08300080857;1256.53173710353;1267.50115091174;17;19;26;53;37
"Ormesson-sur-Marne";94055;8598.70095859623;7146.90664025032;1420.29735050395;1187.02298850575;921.688438133874;1056.32220387754;7294.84080758824;2344.62820600493;1166.3092329879;2361.210356041;7637.87063582615;2008.62873675647;1201.66085725903;933.606464314965;774.123428973345;811.641640484465;26;32;33;27;3
"Périgny";94056;2126.84752775516;1550.83725590625;141.974811661925;283.262706243011;263.834499688176;257.143206279585;1722.83244049041;383.122041492048;350.898170644836;601.003707856977;1825.06729552751;196.009019255313;377.736847935494;301.149765911785;243.890506231841;179.751149084431;34;35;40;18;14
"Le Perreux-sur-Marne";94058;27554.1554766186;23055.7234637209;2694.33963135247;4163.40974343196;3629.99643200222;5648.47623996821;24260.427168331;5576.16066509423;4158.13443583232;10944.7749136743;24444.9664027334;3048.66474147307;4039.44602288245;3446.99792828188;3489.80639618101;5941.55939897776;31;45;53;71;18
"Le Plessis-Trévise";94059;15943.4253905742;13058.3397860612;1973.61976970451;2723.23028790508;1822.22280521405;1876.53122006868;13925.2463327305;3655.560483693;2860.89325347859;4629.58750257277;14152.2809158642;2495.85521895139;2947.02909416947;1918.21180959666;1561.96924889737;1389.20337223419;28;33;34;21;3
"La Queue-en-Brie";94060;9108.13093305747;7539.27629656549;1269.39966542574;1527.18665629193;1097.76183825232;890.653263846684;7985.88481413493;2281.7714062137;1511.72873534032;2328.96641884867;7915.53851417264;1389.53201109055;1698.04990577815;1070.04647973786;863.833675963971;593.584944177758;29;29;32;10;10
"Rungis";94065;4717.79233140014;3744.82605738761;337.946128724784;761.261497340168;715.098914097233;638.758547114355;3965.25429424755;818.625670973817;797.063213393109;1616.57176849719;4099.21236281835;516.641877533371;792.279097660088;699.398531862307;501.560160287745;577.246465550834;38;41;43;13;5
"Saint-Mandé";94067;18307.1101989662;16034.0355937731;1676.49924012781;2677.42821309818;2298.32284120754;5973.69590952464;15787.1831887331;3073.38938095229;2774.57344320897;8583.87526751307;15936.2751131659;1528.17958810366;2230.39233996177;1703.78540728664;2482.64787347935;5988.22394600104;29;54;64;121;19
"Saint-Maur-des-Fossés";94068;63021.6877261178;55008.0494391455;6166.04514505502;9614.79915133776;8191.88714479025;15151.6659793911;53822.4120719193;12493.2745414813;9320.82183199016;24816.0505900445;54631.0257276742;7052.12304056833;8409.24308567233;6859.92701669659;8196.73462129713;14154.5551167111;30;46;53;77;15
"Saint-Maurice";94069;11458.1927993175;10324.4855462879;1068.45838959508;1916.80386365457;1608.00468828664;3179.78271686713;10597.0019339044;2162.43599577711;1845.81251313712;5286.27519503129;10187.4313303419;1581.40202525286;1600.53627816904;1269.58460715618;1494.27484307536;2516.15699768909;31;50;52;68;4
"Santeny";94070;3351.01631403504;2533.67193453996;293.711027205631;514.002083910316;408.90233484871;537.699129447749;2545.22092365333;528.802214614461;583.12520144064;987.934837690123;2927.00700732418;356.594484024743;582.499445184505;449.163678078739;393.711511516712;462.500561952546;32;39;45;41;15
"Sucy-en-Brie";94071;22008.2564337174;18256.5676407151;2745.25506594464;3221.10411178332;2666.00565442478;3566.17477351568;18310.9453667018;4739.92065744741;3468.95769615581;6807.55511906911;19146.8291297452;3059.44492914744;3534.51193847699;2502.22363604006;2450.13996343388;3066.42232213585;29;37;42;45;14
"Thiais";94073;24294.9390173911;20890.747157557;3886.7956691955;3705.98482222621;2911.77160652953;3376.36808589914;20893.8931154626;6805.09931213832;3807.41199899888;6493.30398711879;21452.6293605476;4100.53416139201;3690.24850865165;2777.53577337818;2454.17019226192;2900.51790125754;28;31;38;36;23
"Valenton";94074;11148.7510047615;7813.04209911887;2405.12900867936;1113.08511745551;841.166427753021;414.636301851777;8502.49475371185;3850.97958601754;1393.91462792476;1356.91313951036;9555.66144912736;2933.67179924122;1657.4656195814;748.106723426549;668.053937527866;578.585285151348;22;16;21;-5;31
"Villecresnes";94075;8743.97324995565;6663.00086949995;991.710762530734;1245.93670481724;960.780708913382;848.625115224927;6942.68273363475;2003.48811075115;1365.59378454932;2039.93413301182;7805.84239791352;1361.80958628454;1537.43340915007;1085.41910934321;866.474626157506;743.019105916455;29;29;35;21;21
"Villejuif";94076;44984.7268732713;36663.2118829502;8155.06860909508;5926.33722809696;4473.89857926489;5670.23256078143;38891.2098774029;12894.7672558361;6907.47676530167;12399.5022298946;37971.5310532713;8853.24787208871;6174.57880938206;3691.12146379882;4294.17512803721;6460.30100797521;24;32;38;58;19
"Villeneuve-le-Roi";94077;16647.5930444289;12990.6837572579;3536.35599952418;2082.41746814468;1248.61643097585;1003.8420443715;14048.8077968397;5758.19184790192;2307.97527584185;2781.23017916856;14606.9360434578;3964.51131975767;2586.70197703405;1482.40833696267;1373.12011628068;1082.68132047306;19;20;27;42;35
"Villeneuve-Saint-Georges";94078;26311.9176852569;20753.5489777285;5936.27485573979;3709.27913786549;1779.55165307206;1452.48980505595;21770.6825860655;9706.6224165702;3737.1794903797;3958.44517068063;22606.7661346699;8026.16428183766;4167.68205245067;1769.37674745971;1473.22127953198;1368.26688400103;17;18;20;18;11
"Villiers-sur-Marne";94079;23316.4159190746;18872.9432701134;3914.32493878334;3289.87489488589;2322.68342549602;2604.85754248154;19361.8574547396;6376.93454205905;3412.14582963179;6005.0103505196;20186.0358201083;4246.71235327709;3593.90149115652;2378.53664062417;2301.51687444239;2834.01879748034;25;31;37;48;19
"Vincennes";94080;41146.1641994986;35664.4622844271;3084.44605106878;5338.83201821334;5353.91608892782;14149.2774072973;36658.6210212262;6142.86358482598;5207.24580602164;21922.3663133685;35965.2270247258;3193.00661780369;4431.94168679493;3598.12359486104;6094.78615480631;14276.7967561742;30;60;67;123;12
"Vitry-sur-Seine";94081;74807.5975503808;57862.8551406669;16518.8516779394;8731.00714658834;5787.58073462641;6723.81457900022;61274.9896348585;24024.2869006103;10482.3514226877;15465.0762248293;63854.6685957981;18157.7711333047;10433.5271536916;6100.95608450173;5967.93816810335;7476.89191012306;20;25;31;55;24
