"LIB_MOD";"CODGEO";"P08_ACTOCC15P";"P08_ACTOCC15P_ILT1";"P08_ACTOCC15P_ILT2";"P08_ACTOCC15P_ILT3";"P13_ACTOCC15P";"P13_ACTOCC15P_ILT1";"P13_ACTOCC15P_ILT2";"P13_ACTOCC15P_ILT3";"P18_ACTOCC15P";"P18_ACTOCC15P_ILT1";"P18_ACTOCC15P_ILT2";"P18_ACTOCC15P_ILT3";"Com_08_%";"Dept_08_%";"Reg_08_%";"Com_13_%";"Dept_13_%";"Reg_13_%";"Com_18_%";"Dept_18_%";"Reg_18_%";"Com_13_18_%";"Dept_13_18_%";"Reg_13_18_%"
"Paris";75056;1089278.5321365;735811.986062298;0;335150.046301071;1094823.72896213;744907.080993446;0;330815.342780365;1081278.30777163;739023.643673131;0;322674.986654641;68;0;31;68;0;30;68;0;30;0;NA;0
"Antony";92002;27254.5643932587;4842.69253779301;6047.89243564108;16063.8002804958;27905.3672253624;5065.25089165017;5989.74145717965;16495.5186087337;29086.807438633;5270.34717803097;5848.92278463815;17628.4420103151;18;22;59;18;21;59;18;20;61;0;-5;3
"Asnières-sur-Seine";92004;39412.4420873428;6518.91394720971;13419.7070092769;19103.6464488706;41335.9112752863;6708.81495042916;13982.8643770996;20205.5686012488;41719.3313313218;6499.75879204322;14302.1914680406;20446.5753959593;17;34;48;16;34;49;16;34;49;0;0;0
"Bagneux";92007;17129.4773023036;2857.07511512035;4762.82467332632;9412.37100258047;16564.4490808619;3003.97157307968;4688.75687662041;8738.28435729725;17767.5262604272;2944.90320360675;4765.70229990598;9851.42351975668;17;28;55;18;28;53;17;27;55;-6;-4;4
"Bois-Colombes";92009;13280.3149269618;1681.18311211682;5389.29857626294;6076.32092281548;13599.8832478423;2245.89111068787;5196.21876811811;6018.85645117767;13741.7670050972;1967.30909755291;5372.49788980147;6205.63251224898;13;41;46;17;38;44;14;39;45;-18;3;2
"Boulogne-Billancourt";92012;54424.2639064022;15809.0412050863;11712.6069127388;26241.6574143262;58425.9153801784;17291.5458418784;12819.0853127668;27556.9270531381;61162.3176555276;16909.607171095;12975.4505371006;30357.6599719548;29;22;48;30;22;47;28;21;50;-7;-5;6
"Bourg-la-Reine";92014;9306.01083199528;1111.02087312868;2457.56149085186;5610.21112670133;8834.18718252748;1135.17513212957;2271.9491873014;5286.96874794025;9655.17710747826;1215.1139425835;2442.08991402892;5874.71098033458;12;26;60;13;26;60;13;25;61;0;-4;2
"Châtenay-Malabry";92019;14052.8217072617;2707.07289965823;4667.79622777075;6580.34278783767;14324.1212732846;2683.59640139412;4768.52835707443;6745.88006900479;15350.3626538216;2608.20524976927;5174.01150321435;7413.67953729061;19;33;47;19;33;47;17;34;48;-11;3;2
"Châtillon";92020;16793.5161298726;2321.40469554101;5748.75713351333;8556.32737217902;18630.6035741287;2854.69148730086;6030.78058623015;9540.77931909597;18295.6928554893;2863.29327434868;5611.84855671897;9644.46185285431;14;34;51;15;32;51;16;31;53;7;-3;4
"Chaville";92022;8886.1995493373;1315.16291087768;3000.45231275433;4492.72006222604;9543.30877128185;1350.95601039412;3598.18363788749;4500.40036210558;10168.0555173523;1344.19703904813;3601.14149887151;5050.31787970433;15;34;51;14;38;47;13;35;50;-7;-8;6
"Clamart";92023;23719.9637956198;5462.89263950894;7718.3876234572;10382.236870241;23943.0200324322;5447.0173558743;7815.01948412953;10484.7085949471;24418.4226648847;5180.50315139105;7975.4076706347;11007.3479043376;23;33;44;23;33;44;21;33;45;-9;0;2
"Clichy";92024;28370.7326893785;6608.71835499863;6864.86270670737;14656.6497717166;28796.1447478682;7134.75681524621;6642.02800924152;14786.5378386133;30001.2078318415;6544.78932161841;7541.9967509955;15632.4904530589;23;24;52;25;23;51;22;25;52;-12;9;2
"Colombes";92025;37369.4694577654;8178.42253194667;13301.7241772667;15591.3537372183;37121.1070946692;8719.42005760128;13158.1997397212;14883.6746900467;38230.1263869218;8220.24248303758;13672.3752919675;15980.4318127854;22;36;42;23;35;40;22;36;42;-4;3;5
"Courbevoie";92026;44373.6835951528;9849.036943821;14345.988973646;19661.424260367;42915.9189627124;10447.7749123454;13575.5065664321;18415.0513039466;41583.5595955907;9375.4641361033;13226.1163334176;18551.9505151262;22;32;44;24;32;43;23;32;45;-4;0;5
"Fontenay-aux-Roses";92032;11340.3445652427;1728.68141060052;3815.14814277528;5622.04469385638;10210.6853081124;1672.36629150734;3442.51141681932;5042.91327899595;11012.1359283269;1685.75964115809;3807.10026694444;5439.33715603757;15;34;50;16;34;49;15;35;49;-6;3;0
"Garches";92033;8077.02555785576;1367.98815758315;3385.40106455353;3218.59804815819;7842.99436631667;1698.54494133427;3075.83524227162;2957.98645061967;7983.64490845156;1510.85714009792;3076.96689770146;3243.55477646308;17;42;40;22;39;38;19;39;41;-14;0;8
"La Garenne-Colombes";92035;13716.7876496534;2034.68895246481;6046.29516820245;5541.75811803996;14667.5186671165;2275.3965073591;6060.8912230228;6165.8436245259;15102.8658216049;2138.67262249396;6366.77196683425;6403.14208827315;15;44;40;16;41;42;14;42;42;-12;2;0
"Gennevilliers";92036;16344.067260467;5032.20536620659;4616.64714946123;6641.99032790253;16161.9127084705;4567.80254090365;4601.76196438596;6869.03290639509;18142.2857467351;4999.17745742336;5581.86983684387;7398.73434258321;31;28;41;28;28;43;28;31;41;0;11;-5
"Issy-les-Moulineaux";92040;33394.2517772702;6623.3814268476;9438.89205212624;17070.27479406;34154.5428183479;7243.70358765535;9342.17250588096;17230.0666231596;35402.0127734619;7182.35033129867;9587.40414537367;18181.0243565956;20;28;51;21;27;50;20;27;51;-5;0;2
"Levallois-Perret";92044;32358.1016611595;7368.13491332587;8400.98829836519;16165.2760094929;32511.4413763242;7436.1983643552;8096.58867036111;16576.6480687412;33539.4196760542;7647.87082031715;8436.97809520247;16950.0057206091;23;26;50;23;25;51;23;25;51;0;0;0
"Malakoff";92046;15090.044635754;2882.98721408025;3927.7140750162;8157.55314247398;14836.2240553317;2978.26274270655;3801.03985086114;7912.73126614697;14516.9419334868;2575.42297522726;3938.61036391999;7848.26440880306;19;26;54;20;26;53;18;27;54;-10;4;2
"Marnes-la-Coquette";92047;676.348265063745;162.201167639722;234.630619856201;270.335279399536;674.539582717323;161.497376441464;220.626838281254;280.948098661483;787.20660835763;124.777648202138;295.561127308067;349.299514091351;24;35;40;24;33;42;16;38;44;-33;15;5
"Meudon";92048;20050.5865240639;3962.33322659557;6581.93581135063;9333.7269705063;20879.4126613869;4117.16639631139;6864.43963086976;9662.35350423999;20771.2111020842;4019.0584904647;6794.09673589513;9682.46250433548;20;33;47;20;33;46;19;33;47;-5;0;2
"Montrouge";92049;24429.4520621007;4147.33567307444;5425.28118341507;14616.7352661798;25854.1752349936;4299.71834233406;5622.73126211535;15688.4962491605;24901.142738203;4025.21047598169;5227.51396503403;15378.5575325329;17;22;60;17;22;61;16;21;62;-6;-5;2
"Nanterre";92050;38851.546982294;12841.637948753;12075.6748611009;13632.6676590859;39257.1497565348;12727.2621829427;11550.8510457065;14605.7697056491;42319.7477205489;13712.9252557406;12537.547603368;15647.3227504154;33;31;35;32;29;37;32;30;37;0;3;0
"Neuilly-sur-Seine";92051;26020.0998320457;6810.17474426177;5927.40634877332;12846.5908486777;27216.249907457;7242.85409891562;6367.71122602743;13082.8612696998;26572.9076146602;6387.86502351911;6337.54432153529;13269.7522593917;26;23;49;27;23;48;24;24;50;-11;4;4
"Le Plessis-Robinson";92060;12636.9520783372;2071.52036561071;4645.76092247974;5853.46363717007;14232.7306799729;2374.23293034253;5308.2356940458;6445.51897761099;14423.9787718208;2560.88083343842;5275.59851572182;6455.86018798553;16;37;46;17;37;45;18;37;45;6;0;0
"Puteaux";92062;22829.7601052292;5395.27391434318;7780.06823930742;9394.71020539839;22612.5607033639;5146.87662108367;7656.961423799;9589.75928378957;23281.998198631;5219.58736771204;7824.59022098897;9954.53388128388;24;34;41;23;34;42;22;34;43;-4;0;2
"Rueil-Malmaison";92063;37716.553145857;10461.1710020833;13122.0543976228;13750.5452163788;37637.2567867293;10358.0084647596;13148.8441699074;13598.4756868758;36099.7300965264;9244.8208122717;12849.6116517663;13514.9244095853;28;35;36;28;35;36;26;36;37;-7;3;3
"Saint-Cloud";92064;13562.0502597779;2900.07047512611;4776.27001660154;5726.31540733461;13368.6168540396;2866.73291686418;4468.57357148721;5793.67782223604;13890.7638950944;2614.20440433581;4782.59759227881;6286.503106877;21;35;42;21;33;43;19;34;45;-10;3;5
"Sceaux";92071;8344.67858951079;1224.61921710356;2211.17004888386;4778.73275296345;8382.24206816991;1349.60464410197;2479.36126723954;4415.66888573109;8350.94398051674;1293.38699121618;2232.38669715455;4644.73030107283;15;26;57;16;30;53;15;27;56;-6;-10;6
"Sèvres";92072;11063.390605347;2118.00357354782;3824.14568877206;4992.88484468714;10609.7018562341;1950.25972903111;3740.41170456307;4789.05229302054;10757.905643159;1844.21106725131;3964.9808012211;4776.00499889187;19;35;45;18;35;45;17;37;44;-6;6;-2
"Suresnes";92073;22546.6047652116;4989.66111593556;8903.07766176798;8412.61423704786;23686.3397314444;5483.11860441211;9054.70606513985;8956.87411464941;24654.9790099778;5171.00850833559;9393.11892131898;9697.06755319261;22;39;37;23;38;38;21;38;39;-9;0;3
"Vanves";92075;13184.433346156;1978.37746236118;3740.55407727851;7357.92841348457;13764.5016715593;2093.02439663983;3697.12934465798;7756.37163579767;13214.0356009938;1919.53497426273;3798.87247374446;7394.55962179025;15;28;56;15;27;56;15;29;56;0;7;0
"Vaucresson";92076;3713.51550921866;675.780362063201;1306.18794594121;1666.87692223841;3762.86299894292;694.417367163484;1319.20167979844;1700.11536522314;3737.83194328094;740.997511985159;1359.13962336219;1561.84410763956;18;35;45;18;35;45;20;36;42;11;3;-7
"Ville-d'Avray";92077;4695.19492043082;848.991894755865;1617.11904304239;2172.49526886707;5022.57179386113;871.869077752372;1828.87646460741;2256.05468163533;5097.01934430528;921.262026055287;1849.6651826234;2245.77279088078;18;34;46;17;36;45;18;36;44;6;0;-2
"Villeneuve-la-Garenne";92078;10315.648624376;1995.4221247008;3045.73514106266;5190.37948528269;9762.18848218181;2377.59168075821;2839.75787767061;4464.45825776426;8890.07941705549;2020.28542228331;2498.31877275252;4299.34329318841;19;30;50;24;29;46;23;28;48;-4;-3;4
"Aubervilliers";93001;27953.8671683011;7177.79931855531;4913.19090729191;15416.3360998398;28760.2531227877;7245.27846584445;5350.59110345594;15886.9286693689;33109.5529818928;7814.67943498639;5615.44819386961;19187.3453635656;26;18;55;25;19;55;24;17;58;-4;-11;5
"Aulnay-sous-Bois";93005;32098.2800864567;8263.29596234569;7808.5537530979;15667.5488618918;30540.8525906179;7768.00180085563;7436.43255974545;14905.4417854555;32096.0882743677;8168.40853703432;8284.80377744039;15259.7460576248;26;24;49;25;24;49;25;26;48;0;8;-2
"Bagnolet";93006;13949.8316936157;2847.14384533232;2379.8668586545;8635.95493908025;15050.9652011015;3499.91360339536;2810.91866220026;8578.46456933106;15176.6274059768;3568.5338391168;2761.50235263669;8623.87346537274;20;17;62;23;19;57;24;18;57;4;-5;0
"Le Blanc-Mesnil";93007;20207.1780896213;3354.09788050792;6242.46732465095;10441.19832894;19650.9492813782;3649.88455526297;6102.0322048727;9724.17560323375;20779.6788566068;4013.52406515142;6044.85837291599;10459.651756444;17;31;52;19;31;49;19;29;50;0;-6;2
"Bobigny";93008;17799.2559647774;3702.67321202716;4845.76955401582;9070.65698489935;17900.4048986881;4004.08125774108;4348.39047302757;9311.04799744312;18403.9089741839;3705.45191796056;4920.76889744941;9538.15003093046;21;27;51;22;24;52;20;27;52;-9;12;0
"Bondy";93010;20915.0614207813;3958.90628649724;6034.11510856479;10801.8586880104;20132.8128821996;3872.57823453362;5805.81201914156;10317.2676577845;19788.6926780058;3712.92750879278;5829.38426725518;10087.4290231807;19;29;52;19;29;51;19;29;51;0;0;0
"Le Bourget";93013;5696.18168130884;856.427078264312;1657.84124055759;3109.00884785171;6746.16011524316;1421.76587603912;1744.16653558476;3529.13785581592;6505.28317012859;1117.59100848977;1738.83390824161;3554.91190505746;15;29;55;21;26;52;17;27;55;-19;4;6
"Clichy-sous-Bois";93014;9518.09964412616;1546.35090875644;3436.20024307067;4475.77532042608;9285.73486849334;1841.15003719396;3278.28801905665;4071.9204142922;8918.78908069743;1759.38095598501;3005.82928956152;4049.49266164886;16;36;47;20;35;44;20;34;45;0;-3;2
"Coubron";93015;2209.52864716504;215.84053967774;1002.48592093819;972.274850946783;2129.4556124066;251.650936933136;950.721745747662;909.392334137858;2142.60721521071;178.014415270671;958.887502048008;991.802187637333;10;45;44;12;45;43;8;45;46;-33;0;7
"La Courneuve";93027;12917.0790996361;2468.4306921463;3252.57960536629;7115.62643137837;13582.6359942443;2568.45121376735;3428.16876703823;7457.72411501134;15515.1224255832;2576.263334777;3812.54618086637;8920.84221666519;19;25;55;19;25;55;17;25;57;-11;0;4
"Drancy";93029;26288.1319106055;4852.46002152149;8785.40867349706;12449.2555250134;27053.9616373956;5048.72381933498;8663.85904441629;13131.2273605969;27641.7476193371;5491.10832616867;8227.83902152288;13664.9439021574;18;33;47;19;32;49;20;30;49;5;-6;0
"Dugny";93030;4398.57839652609;964.712295072635;1339.97083694666;2061.07116269212;4154.16451488757;1011.77805921442;1378.84879764232;1717.70540774949;4014.68208638608;885.12882497558;1224.19992866125;1874.08543489725;22;30;47;24;33;41;22;30;47;-8;-9;15
"Épinay-sur-Seine";93031;20079.4673804334;3377.87063822698;3310.75729003721;13209.5904593044;20261.6869850923;3357.70375387491;3664.23038086536;13051.4162666254;20706.3978819829;3419.1382695271;3675.94009235785;13348.2866985639;17;16;66;17;18;64;17;18;64;0;0;0
"Gagny";93032;16817.8674126753;2306.22336747863;5352.62801470168;9040.20060445981;16847.634626601;2415.08655296609;5462.90950787724;8830.95952997464;16867.8543899064;2238.61513475849;5268.0416312798;9246.76948489928;14;32;54;14;32;52;13;31;55;-7;-3;6
"Gournay-sur-Marne";93033;2948;308;748;1876;3144;376;724;2013;3196;302;757;2098;10;25;64;12;23;64;9;24;66;-25;4;3
"L'Île-Saint-Denis";93039;2764.36773209444;424.757895261761;685.64091937176;1634.34144809337;2699.37338273805;360.723395984704;653.138515301517;1667.53421630252;3011.55846584127;454.379725041685;711.949795846262;1815.41427566225;15;25;59;13;24;62;15;24;60;15;0;-3
"Les Lilas";93045;9971.86514921178;1431.86708450293;1894.11883286942;6524.99213939372;10126.8901120439;1284.49593164358;1873.67437528705;6777.48675371146;10616.2090906822;1559.86192239016;2005.33414968078;6946.78232355739;14;19;65;13;19;67;15;19;65;15;0;-3
"Livry-Gargan";93046;19011.7068028006;3034.9952942441;7686.46005728309;8096.62244704424;18703.8117772649;3364.6528217131;7379.4941426754;7817.78905945929;19120.2876384678;3242.04122808625;7420.95407210745;8291.5604658862;16;40;43;18;39;42;17;39;43;-6;0;2
"Montfermeil";93047;9131.9558983165;1830.98786371623;3242.56060860299;3997.9704935701;9687.49979031686;2043.72825551594;3387.70666724561;4125.48069928007;10186.5958590469;2091.49747414021;3404.03614362004;4577.90863785114;20;36;44;21;35;43;21;33;45;0;-6;5
"Montreuil";93048;44721.7982039104;10958.2605250146;6233.44860422581;27164.460089864;45701.8716058734;12393.9082472207;5705.68429220236;27093.4663385537;48076.7887430652;12281.1380495664;5859.3202283962;29328.4646627299;25;14;61;27;12;59;26;12;61;-4;0;3
"Neuilly-Plaisance";93049;9511.90011079558;1323.55854744371;1928.46292413546;6181.92422280812;9687.71120683507;1455.36976672809;2134.39883498272;6012.64709790372;10013.7797562261;1317.61154867746;2084.39674776847;6509.09323592144;14;20;65;15;22;62;13;21;65;-13;-5;5
"Neuilly-sur-Marne";93050;15257.9110157499;2753.57764293624;3287.31924219262;9082.96673409694;15666.5814561483;3001.57986396809;3293.85361142952;9229.2464977195;15481.0695705936;2660.10407280587;3541.32078036994;9157.37309013778;18;22;60;19;21;59;17;23;59;-11;10;0
"Noisy-le-Grand";93051;30011.1681684201;5496.78465602543;3508.25856082006;20772.7370446889;28873.6526016993;6193.55522874158;3540.42258344322;18869.7471208805;30334.3011199281;6186.86341158116;3630.42264218444;20159.4759868905;18;12;69;21;12;65;20;12;66;-5;0;2
"Noisy-le-Sec";93053;16145.2626208821;2740.97143272551;4676.20153218681;8635.4954430728;15828.9245859605;2586.69666819281;4607.14512939562;8467.36001079893;17127.2170624174;2746.76899199404;5203.89104066781;9052.30500646594;17;29;53;16;29;53;16;30;53;0;3;0
"Pantin";93055;22224.8100553929;4737.05182163825;3895.7587970677;13378.7224190248;22665.671387428;4908.09383931338;4083.39611730031;13357.8528099608;25699.8394494937;4721.86191547778;4560.20182632151;16014.8275457374;21;18;60;22;18;59;18;18;62;-18;0;5
"Les Pavillons-sous-Bois";93057;9359.00678173908;1363.41281194568;3515.33846174463;4392.24185869786;10104.7838308681;1522.48381989453;3732.46737925921;4766.07161606285;10518.1302014692;1592.93893182702;3998.98626809901;4864.79162056134;15;38;47;15;37;47;15;38;46;0;3;-2
"Pierrefitte-sur-Seine";93059;11085.5122011345;1679.49427747743;2882.02857768082;6298.39500229206;10620.2392937685;2302.23708347891;2791.36639416434;5429.54379530031;10846.4075711449;2209.17424182604;2568.63852414001;5941.88251026908;15;26;57;22;26;51;20;24;55;-9;-8;8
"Le Pré-Saint-Gervais";93061;7874.31296479941;1120.4016065674;1717.93490686113;4978.59906728769;8091.06101260766;1142.59371354106;1597.12703592212;5274.63608502547;7813.87144383602;1015.04778158922;1535.66732393375;5188.83609161942;14;22;63;14;20;65;13;20;66;-7;0;2
"Le Raincy";93062;6236.73642895487;879.412977834666;2336.27320954931;2956.7717468683;6687.62287848453;1134.89801000559;2192.69894484208;3256.49589881856;6920.00546228239;917.506974130466;2329.06482161334;3572.93875927784;14;37;47;17;33;49;13;34;52;-24;3;6
"Romainville";93063;10264.4229918943;1766.01928355631;3234.7793794342;5209.79501951912;9877.38520857727;1775.41093116963;2760.7243629584;5248.83717195374;11842.3801056579;1868.76040415455;3159.31095771714;6690.51727766685;17;32;51;18;28;53;16;27;56;-11;-4;6
"Rosny-sous-Bois";93064;18684.3495386088;3865.61151430081;4669.81168282684;9982.32007078484;19161.3952938604;4106.58431765357;4591.58999960103;10320.2063738633;19906.2819232438;3875.5667182622;4940.35232911435;10841.0773293606;21;25;53;21;24;54;19;25;54;-10;4;0
"Saint-Denis";93066;40363.2893790332;10637.0220039049;6656.41041763456;22703.3606292873;42469.5477690074;11547.9876039602;6211.80843284348;24288.7188768982;42631.590564312;11206.1322371033;6779.67589042059;24051.3435007857;26;16;56;27;15;57;26;16;56;-4;7;-2
"Saint-Ouen-sur-Seine";93070;19661.2424617526;4753.76409678823;2547.11008250932;12188.4871600145;20721.6759125828;4816.67592218857;2555.76613028581;13150.8676259661;22687.6372653049;5209.85211923785;2709.65059030394;14584.4876833176;24;13;62;23;12;63;23;12;64;0;0;2
"Sevran";93071;19493.854739602;3132.24682568361;5744.84718396698;10444.1306125348;18543.4531730392;3060.80474566659;5673.08255849439;9683.55585874126;18347.3526394589;3534.6828805554;5360.84013041639;9204.66485731704;16;29;54;17;31;52;19;29;50;12;-6;-4
"Stains";93072;12200.8339505205;2184.05510225881;3100.44855141079;6843.39348825794;12819.3391697013;2468.37544745698;3531.4861306497;6711.29346497566;13255.7342672224;2573.01288476589;3641.01372928788;6963.50421745739;18;25;56;19;28;52;19;27;53;0;-4;2
"Tremblay-en-France";93073;14860.2968207448;2757.59237595329;4397.75462688923;7592.83894666558;14353.3413362576;3102.92063854231;4370.32460477824;6689.19477492535;14996.9790959223;3468.30285723704;4414.90225921839;6898.88751688989;19;30;51;22;30;47;23;29;46;5;-3;-2
"Vaujours";93074;2964.51770431525;326.619202286125;1221.11888059391;1392.68361623619;3344.21312158524;415.02571003079;1341.23995455776;1559.93466959035;3121.06119064058;540.525427123082;1249.26093679457;1300.36279810579;11;41;47;12;40;47;17;40;42;42;0;-11
"Villemomble";93077;12359.1394873115;1869.38948117372;4222.44183029918;6161.0963539628;13076.2957524416;1951.99221409884;4594.37394361381;6414.91028056448;13297.3246458994;1914.86471715851;4322.90198565749;6889.67316466027;15;34;50;15;35;49;14;33;52;-7;-6;6
"Villepinte";93078;14871.5790242635;2663.14081475687;4400.8780368051;7692.09384134711;13620.6066192117;2763.16802995646;4010.29989114735;6693.99108802682;13707.3986087075;2837.15088971721;4001.98114364568;6734.00424683917;18;30;52;20;29;49;21;29;49;5;0;0
"Villetaneuse";93079;4630.24214370924;633.081453243241;1174.97113457871;2785.87297558124;4563.56710089595;685.169304512145;1165.62566222538;2677.72083037539;4765.46757763245;752.767750550115;1273.70095199285;2696.152610083;14;25;60;15;26;59;16;27;57;7;4;-3
"Ablon-sur-Seine";94001;2388.96922775383;234.800405069908;893.240689925521;1248.93832483993;2439.7027027027;257.708108108108;880.926126126126;1282.30810810811;2622.01277980325;251.847311582465;910.831186157925;1436.439071919;10;37;52;11;36;53;10;35;55;-9;-3;4
"Alfortville";94002;20510.083175507;3553.72065486346;6031.17313335019;10760.8885544135;20559.4653240831;3654.39744516919;5511.06428669206;11218.0160996639;20266.1224682405;3575.79140051688;5286.4207994857;11219.8448563242;17;29;52;18;27;55;18;26;55;0;-4;0
"Arcueil";94003;9023.92422468013;1574.19441941116;1732.98711750494;5634.68953291241;8910.62808749588;1740.19963004916;1527.99655176351;5566.24186805187;9993.59002722396;1789.46213655959;1633.77543357026;6420.35049496853;17;19;62;20;17;62;18;16;64;-10;-6;3
"Boissy-Saint-Léger";94004;7341.02622137806;1199.43180611501;2964.4342053828;3133.08245156357;7152.17043886547;1576.83647839518;2530.40960360148;2962.45390266366;6947.0255734554;1231.03348420293;2705.77781533215;2960.64549239377;16;40;43;22;35;41;18;39;43;-18;11;5
"Bonneuil-sur-Marne";94011;6897.4756325809;1610.79031600037;3075.90701317732;2174.21421976901;6520.70826592475;1659.09261766896;2911.02828886648;1911.31795111326;7077.757610055;1501.42967981292;3001.12506580998;2550.14148105368;23;45;32;25;45;29;21;42;36;-16;-7;24
"Bry-sur-Marne";94015;7256.00367561102;1028.86399804908;1755.6532533662;4389.69379208821;7997.60146569284;1183.89098090008;1543.05422598998;5172.8636435092;7813.06571905685;1141.35110901281;1678.94469391262;4877.8770765809;14;24;60;15;19;65;15;21;62;0;11;-5
"Cachan";94016;12000.372941186;1897.73248444192;2125.84965723856;7900.6295837817;12240.4841029481;2416.9437272426;2061.45569786351;7654.42141446871;13258.99083796;2379.49026408212;2288.18695664164;8454.87255527695;16;18;66;20;17;63;18;17;64;-10;0;2
"Champigny-sur-Marne";94017;32239.9515518784;6834.65161242552;9789.1760599584;15433.3088759712;32365.1480298178;7082.82011219252;9797.11324969962;15141.072947591;32582.8496964819;7091.05578180493;9272.17392608572;15876.9264276054;21;30;48;22;30;47;22;28;49;0;-7;4
"Charenton-le-Pont";94018;14391.8918849868;2244.64412576156;2581.80465725618;9370.57385620849;14689.4640756546;2435.23189641484;2538.19689483176;9558.07416146072;14678.0481575136;2401.01517530528;2501.63997765144;9600.40120220442;16;18;65;17;17;65;16;17;65;-6;0;0
"Chennevières-sur-Marne";94019;7870.96055927579;1476.9573541933;2988.92245814855;3364.16290625846;7803.24343108267;1446.87378326226;3028.79334121039;3253.356248425;7771.47969539052;1312.21851346597;2875.25825329646;3501.82716696747;19;38;43;19;39;42;17;37;45;-11;-5;7
"Chevilly-Larue";94021;8754.70288471693;1306.63557655429;3152.49519077914;4248.11068270518;8918.63819419814;1318.34750251225;3286.46075244482;4241.40375820556;8618.7776359515;1486.24877937345;3003.5828249627;4093.25148517781;15;36;49;15;37;48;17;35;47;13;-5;-2
"Choisy-le-Roi";94022;17402.8119584817;2968.45935241896;6242.53519810161;8033.28025730973;19197.7838554618;3391.2034344612;6659.31796305731;8997.22447212759;20314.3732867059;3479.44428278072;6412.63356721303;10189.8914002069;17;36;46;18;35;47;17;32;50;-6;-9;6
"Créteil";94028;38999.5539548045;12758.7695461989;8239.80463942131;17739.8963539134;38027.2209860168;12418.0947833568;7992.5693627733;17320.1508773786;39540.4896703428;11787.3097653318;8444.381959536;18944.6768577327;33;21;45;33;21;46;30;21;48;-9;0;4
"Fontenay-sous-Bois";94033;24083.8981549862;4792.02778114537;3923.15819974753;15144.5331693894;23938.0626495728;4731.52013722332;4046.6823550853;14903.6865609286;23512.9924280869;4914.2204494187;3786.17826989806;14555.319477439;20;16;63;20;17;62;21;16;62;5;-6;0
"Fresnes";94034;11179.2191590306;2092.67315897219;2388.58234337121;6640.46507892233;11865.254794303;2332.59459850408;2439.69733829885;6959.70533720868;12167.0056927899;2771.89100993325;2799.70022515557;6506.61053967334;19;21;59;20;21;59;23;23;53;15;10;-10
"Gentilly";94037;7807.54501012267;1446.07564272774;1444.7247499125;4795.83748854286;7306.53814014157;1336.49976083061;1325.50944608101;4562.66439706819;8651.06110236905;1186.2299281598;1500.64365698428;5868.06787933035;19;19;61;18;18;62;14;17;68;-22;-6;10
"L'Haÿ-les-Roses";94038;13142.1303968646;1706.67089940499;3725.79786182902;7632.60040022532;13142.5024975717;1756.76977037243;3881.61866892943;7354.28567550131;13246.1536665528;1930.68379018545;3491.68074901603;7697.54793986116;13;28;58;13;30;56;15;26;58;15;-13;4
"Ivry-sur-Seine";94041;24900.5433093794;5926.06906123972;4546.01307438841;14168.5826318437;25893.7517577129;6354.00856089732;4485.711393894;14815.7747276885;27888.0949840717;5761.28004553657;4535.63045710536;17207.0470454603;24;18;57;25;17;57;21;16;62;-16;-6;9
"Joinville-le-Pont";94042;8201.25897908825;1160.2019744871;2204.56517582011;4791.17781474211;8215.96461854979;1268.1038322269;2040.80199115308;4786.48217426295;8940.3496843738;1129.48112707273;2200.4271549284;5534.16177389698;14;27;58;15;25;58;13;25;62;-13;0;7
"Le Kremlin-Bicêtre";94043;12597.7597931285;2250.56392132902;2062.5028838146;8189.54485407079;12359.6483319407;2506.45467813456;1973.69586023671;7783.42349474886;11462.6157496373;2113.82859505073;1890.58098693922;7322.19915570767;18;16;65;20;16;63;18;16;64;-10;0;2
"Limeil-Brévannes";94044;8761.845503764;1687.4305527201;3760.07969341578;3245.13150352998;10574.5286489944;1810.66192359896;4617.56932050446;4098.91162660892;12586.3619235593;2162.89880033312;5393.42316040922;4932.02986651505;19;43;37;17;44;39;17;43;39;0;-2;0
"Maisons-Alfort";94046;25591.4320023124;5196.5460393282;7028.13321053237;13209.085395508;26262.9264000145;5306.33715933844;6305.91560039002;14395.8296299789;27066.1798520474;5020.49513950513;6537.73273396691;15228.5365936765;20;27;52;20;24;55;19;24;56;-5;0;2
"Mandres-les-Roses";94047;2055.15696040757;330.998290977971;717.681771535276;992.621758690268;1938.79381688466;376.026872770511;671.548711850971;869.417043202537;2089.91773931055;252.064210682054;808.000295901761;1011.91981062287;16;35;48;19;35;45;12;39;48;-37;11;7
"Marolles-en-Brie";94048;2546;268;1100;1133;2275;269;987;977;2192;231;997;906;11;43;45;12;43;43;11;45;41;-8;5;-5
"Nogent-sur-Marne";94052;14895.102463583;1977.7691273438;2852.48054239384;9883.89526704034;15140.1941646808;2157.44698066625;2803.26765868742;10044.1727937142;15578.9373880564;2331.80651067907;2609.49287087148;10444.4133016474;13;19;66;14;19;66;15;17;67;7;-11;2
"Noiseau";94053;2114;220;986;896;2207;268;1020;895;2147;218;1030;878;10;47;42;12;46;41;10;48;41;-17;4;0
"Orly";94054;8471.33378676656;2259.73901886678;2858.83078702016;3311.32518320147;8812.75321700991;2276.51321685094;2870.63005396256;3604.43474518647;9417.94185776227;2061.12825860726;3086.08416506667;4172.3068135303;27;34;39;26;33;41;22;33;44;-15;0;7
"Ormesson-sur-Marne";94055;4399.9080318254;661.341379310345;1934.09221032439;1756.59452332657;4400.1932883093;748.318777913234;1848.61358180147;1746.07714846421;4508.43969557444;714.464132190863;1900.27892572006;1815.12834659956;15;44;40;17;42;40;16;42;40;-6;0;0
"Périgny";94056;1108.59529719731;101.89443995119;411.224605833462;581.446249384151;1199.95999240815;99.1982478583667;466.437168140213;621.563540712649;1297.05775206887;155.672808193752;449.685451965295;673.639199207398;9;37;52;8;39;52;12;35;52;50;-10;0
"Le Perreux-sur-Marne";94058;15261.0144902464;2101.874251439;3546.94435017108;9466.86727704715;15966.5137583512;2289.0592091782;3348.68349386125;10180.0460513127;16153.5214361247;2019.18313587668;3338.06011134646;10590.4211348973;14;23;62;14;21;64;12;21;66;-14;0;3
"Le Plessis-Trévise";94059;8771.87441674782;1177.59989324794;3007.33871674368;4516.49996640195;8846.71010419378;1233.79958168366;2643.86891662853;4881.36480077398;9055.22876591773;1266.9476788647;2733.76365870735;4975.63810985141;13;34;51;14;30;55;14;30;55;0;0;0
"La Queue-en-Brie";94060;5284.75871035904;775.358788974617;2201.43680350525;2274.31954410962;5368.22196043012;825.195294685328;2184.92983569059;2303.997845446;5386.50151057584;743.188967262287;2185.62370616387;2386.85458735336;15;42;43;15;41;43;14;41;44;-7;0;2
"Rungis";94065;2955.84582062813;726.345007996532;775.180349101621;1425.15038730026;3007.77154497364;731.98991627047;842.498419881113;1410.65330821789;2889.76143210574;830.777001217279;771.20455202409;1264.15856840523;25;26;48;24;28;47;29;27;44;21;-4;-6
"Saint-Mandé";94067;10772.1610821805;1697.7527189765;1231.21725705959;7723.63021115405;10594.5995031145;1847.0517002029;1243.81713992079;7388.1408483453;10567.0144167977;1637.08915467991;1165.33575005866;7596.60589676198;16;11;72;17;12;70;15;11;72;-12;-8;3
"Saint-Maur-des-Fossés";94068;35164.8718795965;7742.43728045513;8877.09837476918;18206.8461799422;33657.0979387876;7482.44366513613;8144.57306118075;17666.1209543658;34791.6752114898;7473.73329628998;8428.69345136051;18393.9412161795;22;25;52;22;24;52;21;24;53;-5;0;2
"Saint-Maurice";94069;7303.38396432326;905.497928663514;1829.31718288892;4503.49793588867;7613.94616682388;1074.96578721203;1818.90142750729;4614.28070227419;6679.68827444849;917.528819838433;1454.7131722442;4229.10056502965;12;25;62;14;24;61;14;22;63;0;-8;3
"Santeny";94070;1626.94397693422;219.26547261321;616.419491922094;765.774077729984;1508.14287726977;236.323092996365;576.865836245395;684.931676167325;1774.4637068901;336.351778173257;598.186492693799;817.347579070772;13;38;47;16;38;45;19;34;46;19;-11;2
"Sucy-en-Brie";94071;11696.3861784777;1993.66526546965;4558.23092962266;5037.19028364011;11274.4735998996;2056.36749969132;4414.85418882691;4677.6553497012;11586.7686081213;1930.47465661093;4520.96531108571;5026.97715348847;17;39;43;18;39;41;17;39;43;-6;0;5
"Thiais";94073;13456.3811349134;1855.91659029918;5228.32671611156;6281.99756226684;13092.9124415051;2127.67548229387;4900.59719726078;5989.6236659092;13533.7204841681;2086.27069430518;5010.95322566385;6342.31450773242;14;39;47;16;37;46;15;37;47;-6;0;2
"Valenton";94074;4909.82809483086;760.969662981417;2206.95359705035;1917.30327474848;5073.48153085722;881.076098174669;2339.57797394268;1820.66631768979;5578.7983135771;762.38391990543;2345.56782761417;2410.54727422818;15;45;39;17;46;36;14;42;43;-18;-9;19
"Villecresnes";94075;4373.88190993762;645.467763148005;1973.91834700143;1724.84254470053;4402.85175343269;676.295798732998;1916.17142974349;1746.09108750261;4889.65941951539;596.820934012732;2193.0576501005;2053.58142660813;15;45;39;15;44;40;12;45;42;-20;2;5
"Villejuif";94076;23396.6078135236;4863.66118082266;5172.0497353211;13176.3154070659;24519.3611499577;5287.97603759385;5334.29899461034;13729.094366574;23054.3445711946;4911.07651121121;4563.0633182421;13354.4265854205;21;22;56;22;22;56;21;20;58;-5;-9;4
"Villeneuve-le-Roi";94077;7873.55915682492;1530.80874296086;2781.56315293692;3530.43905395378;8693.73764044081;1723.99203400163;2950.75680089197;3984.73588635112;9029.76942788663;1687.34158300401;3181.91362277911;4080.03448868593;19;35;45;20;34;46;19;35;45;-5;3;-2
"Villeneuve-Saint-Georges";94078;13032.6344357242;3092.37364481356;3953.80775649639;5877.28190225621;13740.3396886068;3180.84578488273;4076.80209463858;6393.31812576877;13274.4256405143;2610.24830564482;3810.23425216596;6657.08421712757;24;30;45;23;30;47;20;29;50;-13;-3;6
"Villiers-sur-Marne";94079;12542.9235767404;1931.4096791635;3360.33152821722;7168.31966667693;12280.3692005764;1663.63244786766;3351.9902632506;7124.35456259067;12955.1013670831;2346.69246290916;3001.46398296781;7494.18618105264;15;27;57;14;27;58;18;23;58;29;-15;0
"Vincennes";94080;25523.7661865513;3503.23538069824;2891.81877416396;18820.3785187995;25677.0444435191;3675.29700411545;2764.65153794495;18879.7462635535;25930.4992102146;3462.1033986925;2859.79683209395;19245.7268038099;14;11;74;14;11;74;13;11;74;-7;0;0
"Vitry-sur-Seine";94081;35494.1930473301;7965.14477076673;10044.27831899;17241.8458053829;36871.7428503312;8489.91947934219;9643.71861097281;18440.3958379354;38612.2259246078;8453.29449630866;9901.38038995309;19848.3115151402;22;28;49;23;26;50;22;26;51;-4;0;2
