"LIB_MOD";"CODGEO";"P13_ACTOCC15P";"P13_ACTOCC15P_COMMUN";"P13_ACTOCC15P_MARCHE";"P13_ACTOCC15P_VOITURE";"P18_ACTOCC15P";"P18_ACTOCC15P_COMMUN";"P18_ACTOCC15P_MARCHE";"P18_ACTOCC15P_VOITURE";"ETCOQ18";"ETCOQ19";"ETCOQ20";"ETCBE18";"ETCBE19";"ETCBE20";"ETCFZ18";"ETCFZ19";"ETCFZ20";"COMMUN_13_%";"MARCHE_13_%";"VOITURE_13_%";"COMMUN_18_%";"MARCHE_18_%";"VOITURE_18_%";"COMMUN_13_18_%";"MARCHE_13_18_%";"VOITURE_13_18_%";"ETCOQ18_20_%";"ETCBE18_20_%";"ETCFZ18_20_%"
"Paris";75056;1094823.72896213;703024.405456144;106858.00590313;139276.734225706;1081278.30777163;695363.284571848;113573.607433625;115036.506586075;6883;7753;7187;1699;2170;1761;2273;2793;2676;64;10;13;64;11;11;0;10;-15;4;4;18
"Antony";92002;27905.3672253624;11961.0961347631;1473.8838762939;12415.6586110911;29086.807438633;12809.0603049202;1369.70065187465;12529.2637002713;112;168;132;21;36;17;43;52;46;43;5;44;44;5;43;2;0;-2;18;-19;7
"Asnières-sur-Seine";92004;41335.9112752863;22369.3208197661;3021.77561939269;11601.4730859626;41719.3313313218;23758.3161669374;2930.48463077152;10159.17151441;126;169;166;29;69;47;102;112;120;54;7;28;57;7;24;6;0;-14;32;62;18
"Bagneux";92007;16564.4490808619;8314.64954346922;1151.23968558356;5631.34834043666;17767.5262604272;9380.01724605871;1085.51877990155;5722.84956436358;44;53;39;12;20;16;53;49;52;50;7;34;53;6;32;6;-14;-6;-11;33;-2
"Bois-Colombes";92009;13599.8832478423;6576.83159491156;1084.79411495347;4075.17826219306;13741.7670050972;7225.68525090619;1061.1115441957;3695.44072235815;42;71;41;14;13;17;12;22;25;48;8;30;53;8;27;10;0;-10;-2;21;108
"Boulogne-Billancourt";92012;58425.9153801784;25358.1434539026;7933.72226163349;18061.72809179;61162.3176555276;27444.7696734404;8199.03600607868;17279.3051567402;312;316;338;59;125;133;103;109;98;43;14;31;45;13;28;5;-7;-10;8;125;-5
"Bourg-la-Reine";92014;8834.18718252748;4695.62580222892;653.147982931779;2791.75923920674;9655.17710747826;5357.41540394598;584.105144290923;2891.87661049607;48;39;33;12;10;8;13;28;13;53;7;32;55;6;30;4;-14;-6;-31;-33;0
"Châtenay-Malabry";92019;14324.1212732846;4834.96372632373;924.779793691201;7477.49052173787;15350.3626538216;5306.67622005264;839.121695292923;7892.99144968906;49;69;53;12;6;15;22;24;21;34;6;52;35;5;51;3;-17;-2;8;25;-5
"Châtillon";92020;18630.6035741287;8563.07135948248;1479.56765249742;6690.85953854343;18295.6928554893;9168.2911601967;1469.33197679544;5639.15446248734;61;72;64;16;15;19;24;33;37;46;8;36;50;8;31;9;0;-14;5;19;54
"Chaville";92022;9543.30877128185;4498.86950508368;493.433686766532;3733.87405412209;10168.0555173523;5170.20515379979;522.07374772071;3649.17836202512;31;36;38;9;8;8;11;6;14;47;5;39;51;5;36;9;0;-8;23;-11;27
"Clamart";92023;23943.0200324322;8604.2695675708;1831.49955040906;10785.4913432146;24418.4226648847;9538.88755525287;1730.46548517451;9805.90311547673;90;107;74;20;30;28;47;38;64;36;8;45;39;7;40;8;-12;-11;-18;40;36
"Clichy";92024;28796.1447478682;15554.4673868773;4136.90189666975;6167.74406446476;30001.2078318415;17405.1298046136;3702.21831887497;5522.00187716232;123;150;133;21;43;27;85;94;123;54;14;21;58;12;18;7;-14;-14;8;29;45
"Colombes";92025;37121.1070946692;18043.195057501;2777.4439642966;11966.2452424812;38230.1263869218;20278.7650120516;2641.97932323659;11017.8555907042;122;155;114;24;50;41;103;105;108;49;7;32;53;7;29;8;0;-9;-7;71;5
"Courbevoie";92026;42915.9189627124;21244.6232101159;6472.75296606756;11136.1152165579;41583.5595955907;22138.3207247779;5878.43247022193;9485.52692230249;157;201;155;66;48;86;53;57;60;50;15;26;53;14;23;6;-7;-12;-1;30;13
"Fontenay-aux-Roses";92032;10210.6853081124;4130.11147160956;829.322603681991;4303.13046073781;11012.1359283269;4627.55143260751;939.463695168738;4370.08674016641;30;36;40;8;9;13;12;21;11;40;8;42;42;9;40;5;12;-5;33;62;-8
"Garches";92033;7842.99436631667;2380.93707391175;571.110698570041;3995.52480694612;7983.64490845156;2567.80040200067;546.387134948278;3962.5192515114;42;40;36;3;8;8;4;10;11;30;7;51;32;7;50;7;0;-2;-14;167;175
"La Garenne-Colombes";92035;14667.5186671165;6355.51107704423;1810.75214194678;4792.49681335742;15102.8658216049;7390.92316387466;1557.88561074145;4485.82222701118;67;55;51;10;16;12;27;26;31;43;12;33;49;10;30;14;-17;-9;-24;20;15
"Gennevilliers";92036;16161.9127084705;7948.74611219189;1669.82349207182;5232.48986379979;18142.2857467351;9061.01755258873;1723.67884945453;6015.94768588451;43;61;47;14;24;18;61;75;69;49;10;32;50;10;33;2;0;3;9;29;13
"Issy-les-Moulineaux";92040;34154.5428183479;17712.736471138;3484.40375505289;9487.67578970878;35402.0127734619;18836.5955110477;4013.88458116034;8947.0787301906;161;174;145;18;36;40;50;54;41;52;10;28;53;11;25;2;10;-11;-10;122;-18
"Levallois-Perret";92044;32511.4413763242;14880.5028302905;4668.00661152865;9062.56554481958;33539.4196760542;15913.6067625922;5517.54865588168;8000.64738207616;155;182;140;30;33;38;63;68;67;46;14;28;47;16;24;2;14;-14;-10;27;6
"Malakoff";92046;14836.2240553317;7767.81786210842;1847.68426462686;3216.67415636207;14516.9419334868;7797.91994174429;1785.16335558803;2811.36525657271;47;59;39;11;17;23;26;41;35;52;12;22;54;12;19;4;0;-14;-17;109;35
"Marnes-la-Coquette";92047;674.539582717323;159.468068504605;35.3574137771254;377.464282215257;787.20660835763;231.621185617104;32.0363459669583;389.903206997085;2;4;4;1;1;0;0;2;1;24;5;56;29;4;50;21;-20;-11;100;-100;Inf
"Meudon";92048;20879.4126613869;8494.2278319151;1431.83769944779;8820.66831227689;20771.2111020842;8975.91668798048;1403.68425236986;7963.62644004046;86;85;85;21;26;23;35;42;32;41;7;42;43;7;38;5;0;-10;-1;10;-9
"Montrouge";92049;25854.1752349936;13974.0868786475;2621.1853006933;6149.16456664622;24901.142738203;14267.6750091889;2764.79830315068;4910.22983619795;93;103;121;25;15;23;35;42;35;54;10;24;57;11;20;6;10;-17;30;-8;0
"Nanterre";92050;39257.1497565348;19028.2871251186;3798.9835253805;13110.8643652589;42319.7477205489;21698.1543739444;3755.03977756743;12954.1996838914;114;156;140;32;41;42;102;113;131;48;10;33;51;9;31;6;-10;-6;23;31;28
"Neuilly-sur-Seine";92051;27216.249907457;10780.9607232957;2924.47164235592;9435.13942757214;26572.9076146602;11568.5004235826;2717.74657463571;8363.88883818776;180;167;188;15;38;31;52;64;56;40;11;35;44;10;31;10;-9;-11;4;107;8
"Le Plessis-Robinson";92060;14232.7306799729;3868.6520912707;1173.26895823943;8039.48898276083;14423.9787718208;4228.43466050511;1191.4656318956;7787.15280980413;39;38;41;14;7;13;14;18;17;27;8;56;29;8;54;7;0;-4;5;-7;21
"Puteaux";92062;22612.5607033639;11247.3665460608;3495.93157031418;6089.95911476158;23281.998198631;12113.6757559569;3684.5773364318;5471.74168630613;112;124;119;33;31;31;36;39;37;50;15;27;52;16;24;4;7;-11;6;-6;3
"Rueil-Malmaison";92063;37637.2567867293;12686.1349291528;2954.5024230764;18191.0964274895;36099.7300965264;12868.5652043406;2776.45718240911;16530.2252605881;182;179;138;25;54;40;64;70;60;34;8;48;36;8;46;6;0;-4;-24;60;-6
"Saint-Cloud";92064;13368.6168540396;5650.92175103437;938.299295146229;5162.04706643932;13890.7638950944;6468.98583533917;967.565416171751;4785.4493257046;67;67;43;20;15;17;14;18;10;42;7;39;47;7;34;12;0;-13;-36;-15;-29
"Sceaux";92071;8382.24206816991;3389.83708654357;674.014375177396;3552.40753069337;8350.94398051674;3666.86548446358;614.090376627294;3269.64334597615;53;41;43;3;6;4;11;12;1;40;8;42;44;7;39;10;-12;-7;-19;33;-91
"Sèvres";92072;10609.7018562341;4210.92957284732;667.475657992942;4533.49059156416;10757.905643159;4591.6828645749;645.699727500072;4195.31245109064;57;50;47;8;15;15;15;19;12;40;6;43;43;6;39;8;0;-9;-18;88;-20
"Suresnes";92073;23686.3397314444;10459.1501655956;2298.7685652354;8614.02303612385;24654.9790099778;11158.1700298595;2565.4311245881;8159.48283476173;94;94;84;11;24;23;45;33;25;44;10;36;45;10;33;2;0;-8;-11;109;-44
"Vanves";92075;13764.5016715593;7143.21819291472;1426.45460701927;3402.50465215302;13214.0356009938;6837.63133943701;1600.32302670264;2923.66143152311;58;48;63;10;10;15;22;16;13;52;10;25;52;12;22;0;20;-12;9;50;-41
"Vaucresson";92076;3762.86299894292;968.221733037177;221.443798659348;2147.32796069286;3737.83194328094;1010.50604381515;200.857242739544;2105.61643456369;19;21;21;0;3;3;4;7;4;26;6;57;27;5;56;4;-17;-2;11;Inf;0
"Ville-d'Avray";92077;5022.57179386113;1628.19592876318;321.642572635964;2441.98482464547;5097.01934430528;1776.79398324071;358.6752274908;2258.6909498835;19;22;15;7;6;6;4;7;5;32;6;49;35;7;44;9;17;-10;-21;-14;25
"Villeneuve-la-Garenne";92078;9762.18848218181;4346.54325053057;1150.90924383761;3530.14441778818;8890.07941705549;4261.53821348612;934.761329517343;3159.06748380763;29;24;26;4;3;9;15;36;36;45;12;36;48;11;36;7;-8;0;-10;125;140
"Aubervilliers";93001;28760.2531227877;17138.7242516651;2539.36097445845;6964.72797851092;33109.5529818928;21008.4449790726;2308.27679107363;7472.09752015341;85;90;96;52;73;57;197;250;240;60;9;24;63;7;23;5;-22;-4;13;10;22
"Aulnay-sous-Bois";93005;30540.8525906179;13035.8595015362;1738.95026015858;14138.8183022371;32096.0882743677;13803.5408940254;1464.77864886996;15342.6464437194;68;79;82;16;32;36;152;196;211;43;6;46;43;5;48;0;-17;4;21;125;39
"Bagnolet";93006;15050.9652011015;8188.2010478633;1467.36187062694;3991.77905386061;15176.6274059768;8930.61062756949;1338.96004017839;3249.4932948612;43;75;58;17;37;22;75;72;66;54;10;27;59;9;21;9;-10;-22;35;29;-12
"Le Blanc-Mesnil";93007;19650.9492813782;8475.17702792234;949.962772901887;9276.06439036225;20779.6788566068;9628.94724768698;768.658700072994;9612.01445400664;31;56;33;13;16;19;135;147;145;43;5;47;46;4;46;7;-20;-2;6;46;7
"Bobigny";93008;17900.4048986881;10337.5573721559;1164.9997507474;5562.86058170433;18403.9089741839;10586.1880696702;1006.77071492468;6039.29445264186;59;65;48;24;30;32;124;128;138;58;7;31;58;5;33;0;-29;6;-19;33;11
"Bondy";93010;20132.8128821996;10091.8198747777;1374.1446746167;7637.96524785571;19788.6926780058;10265.1909909546;1150.37775625767;7368.06370739319;46;61;44;12;23;16;125;142;124;50;7;38;52;6;37;4;-14;-3;-4;33;-1
"Le Bourget";93013;6746.16011524316;3170.17417598196;332.375949688771;2494.29702694689;6505.28317012859;3406.54072369134;324.298657266934;2246.77359204907;16;12;13;8;5;7;43;46;43;47;5;37;52;5;35;11;0;-5;-19;-12;0
"Clichy-sous-Bois";93014;9285.73486849334;4192.41334925878;564.992528066573;4097.60034384915;8918.78908069743;3880.42317132706;500.319984402045;4246.70875626173;15;28;20;5;11;7;72;94;103;45;6;44;44;6;48;-2;0;9;33;40;43
"Coubron";93015;2129.4556124066;390.794716807543;44.2264889698595;1569.60030823495;2142.60721521071;423.617757241967;43.6954893719218;1548.9265293275;1;3;5;0;3;3;5;4;7;18;2;74;20;2;72;11;0;-3;400;Inf;40
"La Courneuve";93027;13582.6359942443;8603.37076032913;770.75953054094;3667.11548363972;15515.1224255832;9873.70299918254;820.209240838891;4226.01601976319;25;40;35;24;40;37;68;99;100;63;6;27;64;5;27;2;-17;0;40;54;47
"Drancy";93029;27053.9616373956;12188.2621918824;1519.33321818808;11778.4985684855;27641.7476193371;12472.5075585599;1502.81434626738;12228.6175689869;51;64;52;25;38;22;244;315;285;45;6;44;45;5;44;0;-17;0;2;-12;17
"Dugny";93030;4154.16451488757;1474.95914588567;374.544927341075;1745.68067317673;4014.68208638608;1510.44117396482;417.051396884205;1772.94142969082;5;6;9;3;4;3;6;12;15;36;9;42;38;10;44;6;11;5;80;0;150
"Épinay-sur-Seine";93031;20261.6869850923;11021.7285730926;1193.94734907886;7014.99008649018;20706.3978819829;11780.1282173075;1000.79000373472;7041.76118907913;43;55;43;13;29;16;92;107;112;54;6;35;57;5;34;6;-17;-3;0;23;22
"Gagny";93032;16847.634626601;7316.43804284515;674.797652864545;7884.67774819627;16867.8543899064;7606.47090221658;525.669584274031;7811.34401478884;39;37;35;13;13;14;70;86;106;43;4;47;45;3;46;5;-25;-2;-10;8;51
"Gournay-sur-Marne";93033;3144;1010;125;1781;3196;1034;98;1817;6;7;6;0;2;2;6;11;10;32;4;57;32;3;57;0;-25;0;0;Inf;67
"L'Île-Saint-Denis";93039;2699.37338273805;1496.40275172711;194.282945091404;783.256786771107;3011.55846584127;1801.89661294546;162.523077727331;804.626161154298;5;10;8;2;6;3;4;11;21;55;7;29;60;5;27;9;-29;-7;60;50;425
"Les Lilas";93045;10126.8901120439;6080.28372777604;838.185263623507;2266.48157046783;10616.2090906822;6458.56707855362;863.044430393729;2128.02989700023;44;48;46;10;14;10;24;32;22;60;8;22;61;8;20;2;0;-9;5;0;-8
"Livry-Gargan";93046;18703.8117772649;5968.71164861826;932.084890810718;10736.711353962;19120.2876384678;6506.23577315195;897.781452225036;10655.9287299117;43;44;51;12;18;14;74;132;132;32;5;57;34;5;56;6;0;-2;19;17;78
"Montfermeil";93047;9687.49979031686;2837.56958424798;587.023107663902;5635.90050591545;10186.5958590469;3135.85827066071;445.738945794158;6160.64502080497;27;20;21;10;9;16;112;112;107;29;6;58;31;4;60;7;-33;3;-22;60;-4
"Montreuil";93048;45701.8716058734;26400.5285394324;3774.3422045216;10967.9285961519;48076.7887430652;28925.0753932791;3563.89349462613;10103.6586332074;197;240;231;71;101;122;216;246;276;58;8;24;60;7;21;3;-12;-12;17;72;28
"Neuilly-Plaisance";93049;9687.71120683507;4469.85566798125;660.062052336517;3909.81714837133;10013.7797562261;4989.07217873628;499.175764533198;3870.64253987242;25;34;42;9;7;19;30;40;43;46;7;40;50;5;39;9;-29;-2;68;111;43
"Neuilly-sur-Marne";93050;15666.5814561483;7694.31064246756;949.465396679941;6100.18324342265;15481.0695705936;8239.50870937236;842.261405250136;5585.68198274674;26;35;36;12;9;11;32;53;49;49;6;39;53;5;36;8;-17;-8;38;-8;53
"Noisy-le-Grand";93051;28873.6526016993;15018.8157050181;1542.55162895069;10859.3489999238;30334.3011199281;16282.5856421188;1676.64864158009;10926.5340273634;88;109;95;21;30;29;113;123;116;52;5;38;54;6;36;4;20;-5;8;38;3
"Noisy-le-Sec";93053;15828.9245859605;8548.91587585068;1183.47337501159;4953.50033506765;17127.2170624174;9687.38927173323;945.157723359711;5416.00633193135;49;66;44;10;13;21;102;120;126;54;7;31;57;6;32;6;-14;3;-10;110;24
"Pantin";93055;22665.671387428;14237.928200314;1820.91396928101;4580.46514772883;25699.8394494937;16467.5069237246;1987.81576076196;4596.27356002198;106;137;171;54;66;58;176;172;188;63;8;20;64;8;18;2;0;-10;61;7;7
"Les Pavillons-sous-Bois";93057;10104.7838308681;3538.29404018634;586.887094495684;5233.2824796059;10518.1302014692;3976.58156174026;531.639454876237;5215.22449774003;28;38;21;12;12;16;108;139;146;35;6;52;38;5;50;9;-17;-4;-25;33;35
"Pierrefitte-sur-Seine";93059;10620.2392937685;5275.22913721126;600.091257621676;3626.1076009952;10846.4075711449;5992.40286116694;705.479975629661;3761.40352437927;27;30;19;6;17;10;78;68;92;50;6;34;55;7;35;10;17;3;-30;67;18
"Le Pré-Saint-Gervais";93061;8091.06101260766;4534.42867900357;958.462818207603;1751.7998919701;7813.87144383602;4627.35043203332;622.088471166372;1661.94846566458;29;40;28;8;20;13;24;36;18;56;12;22;59;8;21;5;-33;-5;-3;62;-25
"Le Raincy";93062;6687.62287848453;2601.20826201558;384.559500652978;3223.55426103805;6920.00546228239;2989.58666517053;352.272784485673;3153.03970751297;23;37;36;3;15;9;43;45;33;39;6;48;43;5;46;10;-17;-4;57;200;-23
"Romainville";93063;9877.38520857727;4589.23844557907;767.347994866893;3422.73565215518;11842.3801056579;5980.55035566076;707.368306541033;3850.56981898008;38;49;48;16;23;32;50;44;70;46;8;35;51;6;33;11;-25;-6;26;100;40
"Rosny-sous-Bois";93064;19161.3952938604;9152.53801178066;1626.5915643528;7027.13894418558;19906.2819232438;9510.56950141355;1377.72448784798;7802.99223826727;43;58;48;16;22;26;109;93;103;48;8;37;48;7;39;0;-12;5;12;62;-6
"Saint-Denis";93066;42469.5477690074;25195.9082024423;3242.14803442063;10567.6993032854;42631.590564312;26377.0512527841;2759.13961826353;10282.8339105401;137;167;126;59;66;96;204;212;253;59;8;25;62;6;24;5;-25;-4;-8;63;24
"Saint-Ouen-sur-Seine";93070;20721.6759125828;12194.1340587199;2269.23697274397;4169.83763756858;22687.6372653049;13277.4816418198;2657.62137217581;4167.21670609185;84;96;86;41;47;42;102;145;125;59;11;20;59;12;18;0;9;-10;2;2;23
"Sevran";93071;18543.4531730392;9290.18872389527;849.009952981122;7540.78023630068;18347.3526394589;9198.02964161164;746.570168176505;7725.00343660151;41;65;46;9;13;14;70;108;90;50;5;41;50;4;42;0;-20;2;12;56;29
"Stains";93072;12819.3391697013;6649.61258348838;800.691158747311;4858.03976816362;13255.7342672224;6990.87628468777;722.415077062557;5077.59115824571;24;32;26;12;15;13;58;69;77;52;6;38;53;5;38;2;-17;0;8;8;33
"Tremblay-en-France";93073;14353.3413362576;4676.28708660853;644.659538874798;8308.40344606285;14996.9790959223;4522.94184655474;654.271013787065;9108.28875850903;32;41;37;12;15;5;33;58;56;33;4;58;30;4;61;-9;0;5;16;-58;70
"Vaujours";93074;3344.21312158524;913.723795685647;145.025707066095;2084.45953993951;3121.06119064058;853.158198621385;139.375446797426;1976.22621174254;3;10;11;1;2;3;15;14;10;27;4;62;27;4;63;0;0;2;267;200;-33
"Villemomble";93077;13076.2957524416;5744.81635596103;659.181064855116;5831.49734277035;13297.3246458994;6252.89221115173;609.644860525555;5631.03369324868;37;44;42;12;13;18;48;58;73;44;5;45;47;5;42;7;0;-7;14;50;52
"Villepinte";93078;13620.6066192117;5038.78509644182;681.637170448824;7298.34349194685;13707.3986087075;4918.18487359468;573.262301055464;7753.53604291079;35;42;47;13;17;12;55;64;56;37;5;54;36;4;57;-3;-20;6;34;-8;2
"Villetaneuse";93079;4563.56710089595;2409.94160669871;228.644506882707;1728.99769254505;4765.46757763245;2648.88830803797;196.902456572858;1717.80658717088;6;12;10;5;5;1;19;18;12;53;5;38;56;4;36;6;-20;-5;67;-80;-37
"Ablon-sur-Seine";94001;2439.7027027027;988.154954954955;115.524324324324;1200.75135135135;2622.01277980325;1135.81500829092;91.5808405754417;1262.22288967022;7;11;11;0;3;2;10;9;8;41;5;49;43;3;48;5;-40;-2;57;Inf;-20
"Alfortville";94002;20559.4653240831;10653.9501113867;1368.03015058664;6897.68226701438;20266.1224682405;11177.6298356473;1201.12818138015;6153.80030109084;55;74;63;13;26;19;82;95;82;52;7;34;55;6;30;6;-14;-12;15;46;0
"Arcueil";94003;8910.62808749588;4547.57573990662;1035.14127487549;2466.89927233145;9993.59002722396;5156.50926153433;1158.88296003057;2664.04087638267;38;46;29;5;10;9;25;20;26;51;12;28;52;12;27;2;0;-4;-24;80;4
"Boissy-Saint-Léger";94004;7152.17043886547;2957.53079188622;616.520514608822;3095.37435703064;6947.0255734554;2943.05870848737;325.86202097783;3257.20971402278;15;28;17;3;9;3;26;35;43;41;9;43;42;5;47;2;-44;9;13;0;65
"Bonneuil-sur-Marne";94011;6520.70826592475;2288.34282360406;678.443648760183;3115.67772487129;7077.757610055;3160.96901615924;525.219965980967;3075.25157893516;9;14;19;8;16;2;20;28;33;35;10;48;45;7;43;29;-30;-10;111;-75;65
"Bry-sur-Marne";94015;7997.60146569284;3718.11792939011;439.091289481309;3293.57266354725;7813.06571905685;3527.21723603986;389.662665872088;3299.08938007061;29;30;29;12;11;2;17;11;10;46;5;41;45;5;42;-2;0;2;0;-83;-41
"Cachan";94016;12240.4841029481;5872.1246255051;1142.85126501025;4101.92789282707;13258.99083796;6711.43147018502;1268.05902508168;4098.6502191355;46;51;57;14;14;15;19;27;21;48;9;34;51;10;31;6;11;-9;24;7;11
"Champigny-sur-Marne";94017;32365.1480298178;13451.4213757184;1613.86490918718;14877.4499995139;32582.8496964819;14205.8570542475;1451.77789659627;14574.7745762624;105;97;101;22;23;25;134;156;146;42;5;46;44;4;45;5;-20;-2;-4;14;9
"Charenton-le-Pont";94018;14689.4640756546;8104.24621817045;1055.63282652366;4146.11394685923;14678.0481575136;8205.79520999119;983.094271044007;3922.98504419972;60;75;60;11;15;12;24;35;24;55;7;28;56;7;27;2;0;-4;0;9;0
"Chennevières-sur-Marne";94019;7803.24343108267;2456.56920727895;378.388977478;4452.3807779535;7771.47969539052;2640.19778832532;272.424400019002;4292.73398370573;9;18;14;12;6;6;21;34;26;31;5;57;34;4;55;10;-20;-4;56;-50;24
"Chevilly-Larue";94021;8918.63819419814;3323.14841964992;482.500989820724;4406.29314359953;8618.7776359515;2991.88355887087;550.63752954043;4496.18268156209;20;20;16;5;5;3;16;21;23;37;5;49;35;6;52;-5;20;6;-20;-40;44
"Choisy-le-Roi";94022;19197.7838554618;9919.00523025874;1050.9236147825;6999.87372842496;20314.3732867059;10710.3589660056;1103.43054582311;7370.71273506143;65;66;69;11;15;17;62;82;76;52;5;36;53;5;36;2;0;0;6;55;23
"Créteil";94028;38027.2209860168;18298.5514632489;3391.31155112248;14187.4781859915;39540.4896703428;20412.4130675371;3089.22721744316;13680.9723032113;141;145;172;31;38;36;104;102;100;48;9;37;52;8;35;8;-11;-5;22;16;-4
"Fontenay-sous-Bois";94033;23938.0626495728;12544.856187397;1847.81169631898;7230.47994522633;23512.9924280869;12982.7229930121;1866.01838032457;6320.99006521057;98;96;82;17;31;16;41;95;63;52;8;30;55;8;27;6;0;-10;-16;-6;54
"Fresnes";94034;11865.254794303;4778.15108962632;1227.79410052385;5082.94818618478;12167.0056927899;4520.31488143927;1475.95850053074;5218.39769036649;27;28;28;6;3;9;20;18;32;40;10;43;37;12;43;-8;20;0;4;50;60
"Gentilly";94037;7306.53814014157;3913.32828122511;866.553074402779;1797.76041629214;8651.06110236905;4964.48870217401;910.682921566689;1935.05495066743;24;27;22;8;8;5;20;23;17;54;12;25;57;11;22;6;-8;-12;-8;-38;-15
"L'Haÿ-les-Roses";94038;13142.5024975717;4883.55641542215;658.547205533673;6519.97980060145;13246.1536665528;5144.12462244215;797.038674697199;6267.7778563969;34;38;27;6;12;3;25;27;31;37;5;50;39;6;47;5;20;-6;-21;-50;24
"Ivry-sur-Seine";94041;25893.7517577129;14799.3360792506;2763.36499876864;6093.70900483528;27888.0949840717;16413.0801114032;2555.44981309583;6179.52173374308;86;114;106;33;35;16;98;104;90;57;11;24;59;9;22;4;-18;-8;23;-52;-8
"Joinville-le-Pont";94042;8215.96461854979;3785.93558836366;543.973125153798;2980.05721140801;8940.3496843738;4414.90023676941;483.14942741139;2975.61996257721;29;45;37;6;12;8;17;23;23;46;7;36;49;5;33;7;-29;-8;28;33;35
"Le Kremlin-Bicêtre";94043;12359.6483319407;7015.76236675501;1439.89312559579;2706.97333764348;11462.6157496373;6785.16650267399;1233.95579875963;2319.57108068892;48;62;42;10;13;13;24;19;19;57;12;22;59;11;20;4;-8;-9;-12;30;-21
"Limeil-Brévannes";94044;10574.5286489944;3132.58707439639;619.594602647264;6120.91349182398;12586.3619235593;3963.9942220261;628.850261792038;7350.07069270063;17;22;23;9;11;13;42;58;45;30;6;58;31;5;58;3;-17;0;35;44;7
"Maisons-Alfort";94046;26262.9264000145;12978.8813483561;1667.63379381855;9253.3020878926;27066.1798520474;14292.431656583;1877.52339330861;8153.59206853266;80;92;120;19;39;37;57;58;57;49;6;35;53;7;30;8;17;-14;50;95;0
"Mandres-les-Roses";94047;1938.79381688466;418.862148236227;97.2047562425684;1216.24510503369;2089.91773931055;433.398431720669;53.8002663115846;1412.42550673177;5;3;5;4;2;1;6;3;4;22;5;63;21;3;68;-5;-40;8;0;-75;-33
"Marolles-en-Brie";94048;2275;373;68;1645;2192;358;48;1598;7;10;7;2;3;1;5;2;2;16;3;72;16;2;73;0;-33;1;0;-50;-60
"Nogent-sur-Marne";94052;15140.1941646808;7953.93781405079;846.971877672285;5035.66270432426;15578.9373880564;8432.61897243483;861.302717957346;4842.70980403902;72;73;88;9;21;10;34;43;30;53;6;33;54;6;31;2;0;-6;22;11;-12
"Noiseau";94053;2207;478;87;1481;2147;445;76;1471;5;5;5;2;0;1;3;3;5;22;4;67;21;4;69;-5;0;3;0;-50;67
"Orly";94054;8812.75321700991;3474.13628524621;679.863702601177;4243.71402240162;9417.94185776227;3990.77869822726;781.909178633196;4315.89948126879;22;31;29;5;12;12;28;41;29;39;8;48;42;8;46;8;0;-4;32;140;4
"Ormesson-sur-Marne";94055;4400.1932883093;920.856045548037;140.001668595098;3001.16252960195;4508.43969557444;907.016060460903;148.488982331396;3110.2247405787;10;13;13;5;4;5;15;10;14;21;3;68;20;3;69;-5;0;1;30;0;-7
"Périgny";94056;1199.95999240815;256.911399540839;36.1455028228248;834.403422339458;1297.05775206887;262.041914228066;34.1357178722787;910.497406690777;6;5;4;0;0;0;1;4;1;21;3;70;20;3;70;-5;0;0;-33;NA;0
"Le Perreux-sur-Marne";94058;15966.5137583512;6858.93667766285;972.317120027799;6789.10652585836;16153.5214361247;7214.76226405417;875.107972346401;6645.58754205909;67;64;68;19;19;16;42;39;36;43;6;43;45;5;41;5;-17;-5;1;-16;-14
"Le Plessis-Trévise";94059;8846.71010419378;2787.25539834938;332.396945242965;5126.56302008719;9055.22876591773;2986.59626440546;356.421167016903;5153.2198968155;16;17;22;3;7;2;33;28;37;32;4;58;33;4;57;3;0;-2;38;-33;12
"La Queue-en-Brie";94060;5368.22196043012;1313.53756715284;251.968175373554;3425.46167037464;5386.50151057584;1384.17415459681;245.579192342778;3447.87654412607;9;10;12;4;2;2;9;12;12;24;5;64;26;5;64;8;0;0;33;-50;33
"Rungis";94065;3007.77154497364;547.04620059605;299.978680075344;1959.31228446386;2889.76143210574;520.120288559099;298.870682525685;1834.90215439647;11;14;11;3;3;10;9;6;6;18;10;65;18;10;63;0;0;-3;0;233;-33
"Saint-Mandé";94067;10594.5995031145;5438.57427161207;979.60207184808;2833.59331273771;10567.0144167977;5860.03425688374;924.536575668204;2555.92685343145;43;67;73;5;17;12;18;46;51;51;9;27;55;9;24;8;0;-11;70;140;183
"Saint-Maur-des-Fossés";94068;33657.0979387876;13921.9564297436;1956.03029409423;14663.0863217007;34791.6752114898;15417.6586828787;1583.92499227366;14285.9698237226;155;194;218;42;50;30;115;114;122;41;6;44;44;5;41;7;-17;-7;41;-29;6
"Saint-Maurice";94069;7613.94616682388;3230.79361135555;454.68552200047;3131.12324983352;6679.68827444849;2886.5748963597;451.434512393506;2455.20927456187;17;24;20;8;5;8;12;10;17;42;6;41;43;7;37;2;17;-10;18;0;42
"Santeny";94070;1508.14287726977;178.026488380288;50.9352851812692;1131.91261251879;1774.4637068901;250.954322204925;58.1331644594204;1331.45322689613;8;7;10;4;0;0;3;3;3;12;3;75;14;3;75;17;0;0;25;-100;0
"Sucy-en-Brie";94071;11274.4735998996;3761.30414696216;548.648741848018;6119.93008561654;11586.7686081213;4179.7978523684;433.37515473833;6188.91911605781;24;41;41;12;12;10;26;37;26;33;5;54;36;4;53;9;-20;-2;71;-17;0
"Thiais";94073;13092.9124415051;4840.42931815406;709.605329698546;6846.66326813745;13533.7204841681;5304.33168552581;764.480321568241;6638.31605041984;47;52;50;7;10;7;26;39;36;37;5;52;39;6;49;5;20;-6;6;0;38
"Valenton";94074;5073.48153085722;2028.29218193018;365.639253329591;2370.19534269614;5578.7983135771;2468.43189303145;320.759829406735;2561.45803700393;11;11;19;4;4;6;24;25;30;40;7;47;44;6;46;10;-14;-2;73;50;25
"Villecresnes";94075;4402.85175343269;860.459209767753;176.118697586718;3018.06202113534;4889.65941951539;978.673190371589;146.140987001538;3421.64963395801;10;14;7;2;2;3;10;12;16;20;4;69;20;3;70;0;-25;1;-30;50;60
"Villejuif";94076;24519.3611499577;13158.4873610249;1944.753205824;7420.09441822706;23054.3445711946;12781.6066469436;2005.2638610369;6395.42552530273;82;74;91;20;31;28;45;58;60;54;8;30;55;9;28;2;12;-7;11;40;33
"Villeneuve-le-Roi";94077;8693.73764044081;3284.62482198709;428.861140696848;4554.38524926449;9029.76942788663;3608.99691084224;386.002135294495;4623.97508977436;8;23;30;9;6;6;37;45;55;38;5;52;40;4;51;5;-20;-2;275;-33;49
"Villeneuve-Saint-Georges";94078;13740.3396886068;6552.24301096682;883.274366027088;5569.75903017775;13274.4256405143;7064.59278402391;642.141889873711;5115.18552821453;25;27;36;5;14;12;82;106;116;48;6;41;53;5;39;10;-17;-5;44;140;41
"Villiers-sur-Marne";94079;12280.3692005764;5969.5005870824;634.123193625222;4965.65704183714;12955.1013670831;6270.63639786792;651.668642968282;5470.92439419998;36;33;40;8;7;8;31;41;38;49;5;40;48;5;42;-2;0;5;11;0;23
"Vincennes";94080;25677.0444435191;16445.5529771383;1978.00076994353;4959.17108432535;25930.4992102146;17526.8158098864;1965.98401199903;4041.76841320619;148;153;144;23;29;25;33;42;45;64;8;19;68;8;16;6;0;-16;-3;9;36
"Vitry-sur-Seine";94081;36871.7428503312;18567.449696968;2327.02560415784;13571.3168208903;38612.2259246078;20146.5028403279;2291.88867061425;13353.4847341929;99;112;114;21;27;33;146;147;142;50;6;37;52;6;35;4;0;-5;15;57;-3
