"LIB_MOD";"CODGEO";"P08_SAL15P";"P08_HSAL15P_CDI";"P08_HSAL15P_CDD";"P08_FSAL15P_CDI";"P08_FSAL15P_CDD";"P13_SAL15P";"P13_HSAL15P_CDI";"P13_HSAL15P_CDD";"P13_FSAL15P_CDI";"P13_FSAL15P_CDD";"P18_SAL15P";"P18_HSAL15P_CDI";"P18_HSAL15P_CDD";"P18_FSAL15P_CDI";"P18_FSAL15P_CDD";"CDI_08_%";"CDD_08_%";"CDI_13_%";"CDD_13_%";"CDI_18_%";"CDD_18_%";"CDI_13_18_%";"CDD_13_18_%"
"Paris";75056;933023.893728158;381208.822374053;50535.2102802862;399824.188209519;61731.5437697905;917664.527149604;369829.757575991;47823.2833296133;393206.960861808;62010.6825786247;894759.953326484;363481.248271093;42097.1250305597;387361.71438183;56246.634430411;84;12;83;12;84;11;1;-8
"Antony";92002;25053.1735105993;10950.6057944147;882.290933632219;11035.4644197549;1125.87463430763;25409.1333115062;11140.0739214292;1002.87448147389;11167.0488240145;1160.1825085465;26166.0741694612;11612.0567997747;976.890542433743;11563.1320471714;1126.77990183658;88;8;88;9;89;8;1;-11
"Asnières-sur-Seine";92004;35986.7886076106;15728.1909738104;1037.49289446245;16180.7622010706;1669.95540650386;37292.8926607469;16361.0740041888;1034.04867354029;16883.0861906906;1511.16645846071;37136.7998266842;15876.8921947047;1327.57410161614;16689.693672679;1558.79442663456;89;8;89;7;88;8;-1;14
"Bagneux";92007;16168.6473321333;6782.82593972929;542.860425952353;7399.12822020056;697.951706092141;15521.7599024561;6553.44065084837;492.249794914083;6955.88390050983;848.039595449468;16406.7985301881;6771.32447495382;666.116390402097;7005.81455984963;1035.57814686866;88;8;87;9;84;10;-3;11
"Bois-Colombes";92009;12108.6605150866;5139.59461544533;362.434126310327;5586.76535278315;523.641900026673;12056.8115354957;5002.21961650192;350.351552554272;5819.18144287438;450.723888906662;12232.0908147422;5194.20591255181;346.756205963102;5753.50485276607;529.08895460704;89;7;90;7;89;7;-1;0
"Boulogne-Billancourt";92012;47397.8450984683;19954.482723098;1694.1916768715;21859.2067691783;2332.06713373841;49896.8769290835;20992.8635513386;1721.65682403024;22779.7849197614;2376.20660114671;51507.6132137741;21519.007501597;1686.42905472757;23681.5834533957;2460.91121777489;88;8;88;8;88;8;0;0
"Bourg-la-Reine";92014;8472.10066467483;3671.65817706725;251.943027699365;3812.19544114489;459.729607264851;8031.31641336336;3414.02564456299;294.304505756035;3561.62980055317;381.64705069538;8637.70395317899;3741.33834889903;366.76304842613;3817.05047779186;420.919394264188;88;8;87;8;88;9;1;12
"Châtenay-Malabry";92019;13000.0213031227;5616.23977142695;498.087910039141;5740.96824055692;641.780195121547;13005.3992524121;5560.28998035482;518.808275900631;5760.06022228557;729.044922710672;13841.2945664895;5983.94853785578;463.104421871179;6111.46611235378;597.705277545574;87;9;87;10;87;8;0;-20
"Châtillon";92020;15550.6525706687;6880.92275358054;352.181105054485;7195.5244591693;651.727311453169;16968.1385742925;7286.23533716679;493.951323821341;7935.37921276055;569.084902369135;16588.6321084968;7142.4697959391;427.99681595626;7738.19472483485;672.387175014494;91;6;90;6;90;7;0;17
"Chaville";92022;8247.77372130965;3739.70439513499;232.778231971788;3694.58706514586;289.551874416442;8641.2393769887;3883.94777909153;343.250159927861;3667.91644635475;345.067275804255;9074.34929609675;4111.39051749546;216.835276542366;4014.5217240441;366.675587395637;90;6;87;8;90;6;3;-25
"Clamart";92023;21314.4207084263;9067.43047939768;699.788965088495;9761.2186299075;1004.12601151449;21435.8568331988;8865.73403392457;832.750733348077;9885.0351097288;1043.76830512562;21616.3222019108;8999.49152144979;727.693511931987;9953.27198236926;1132.07073695136;88;8;87;9;88;9;1;0
"Clichy";92024;26402.8421399037;11507.4623438998;1236.92804518818;11175.6960134319;1299.64614202716;26337.0638411606;11102.0042507276;1193.27524508767;11330.4333945216;1537.82772565332;27311.3492409795;11656.447042422;1089.98147885334;11753.9875378261;1380.01763260129;86;10;85;10;86;9;1;-10
"Colombes";92025;34160.0658818322;14514.7438890892;1173.94832653548;15402.1994102288;1704.08587476761;33646.0753416055;14236.9107273141;1085.19664397248;15195.1635486255;1676.58726225103;34107.885572814;14374.2321310507;1134.88019065968;15694.9796681292;1444.1791888808;88;8;87;8;88;8;1;0
"Courbevoie";92026;40659.3124267011;18307.1154943239;955.388082635803;18619.7845374397;1348.48525878983;38810.8801190974;17430.3854753046;936.082526430638;17521.4529271289;1387.07430825529;37120.824185659;16325.4019455637;932.518096715119;17201.4474075494;1238.58314328891;91;6;90;6;90;6;0;0
"Fontenay-aux-Roses";92032;10422.5547448151;4441.59364233457;329.001114790934;4724.26672183727;463.174987399935;9363.3966009964;3831.40081916722;290.874240983159;4435.79585358411;441.37003608769;9947.68989810314;4131.67379418359;286.731534637932;4625.51057895272;496.147515015006;88;8;88;8;88;8;0;0
"Garches";92033;6924.08624232663;3059.51706521379;165.769028490019;3245.86402670487;294.194183591217;6764.12341513612;2930.48310691215;164.419323207048;3246.45201930096;221.482381538085;6664.61588384164;2865.45820608533;166.337293223065;3176.04477507113;204.077930808317;91;7;91;6;91;6;0;0
"La Garenne-Colombes";92035;12520.7130861254;5503.45507138121;350.301250562355;5750.89984222594;420.876664276426;13134.9434556223;5666.55965097569;339.027466896679;6167.19721532595;491.563367726424;13553.6656990274;5910.5830661037;425.409632776097;6297.8601772151;485.66467849315;90;6;90;6;90;7;0;17
"Gennevilliers";92036;15388.3098848649;6497.52569225736;719.888590710895;6409.64821134762;917.333208049885;15124.1285208305;6527.10323313544;820.724478527682;6013.18428216636;826.45211553458;16861.723208409;7265.9464067633;776.992060476443;6984.95250502926;1004.65476075651;84;11;83;11;85;11;2;0
"Issy-les-Moulineaux";92040;30449.361881627;13486.1627418133;911.508599598214;13843.8546823294;1272.47938568442;30735.6569763488;13505.0590325442;887.288155242622;14000.4125793558;1383.17981648912;31792.339516171;13942.7626795663;995.665060624621;14389.8372043121;1326.84115586993;90;7;89;7;89;7;0;0
"Levallois-Perret";92044;28459.0679250346;12312.9583709459;815.332993650555;13187.0227285234;1204.34985751655;28139.4632631282;11964.4993224485;680.989252994755;13368.1735875507;1101.68435950277;28618.0807617049;11843.2391613807;699.546658231719;13901.6735988352;1031.12941802675;90;7;90;6;90;6;0;0
"Malakoff";92046;13863.1843523631;5653.97023067008;687.182832598281;6095.49355949308;840.515828391392;13446.7467252436;5449.1953787669;651.451474798764;5918.65955280891;811.98541955868;13065.8805926373;5474.92249944401;562.477938875741;5727.41878816444;799.340793448177;85;11;85;11;86;10;1;-9
"Marnes-la-Coquette";92047;514.147097424023;242.791684894678;16.3221300769531;222.389022298486;20.4026625961914;502.530542720497;226.478569329154;9.55605777760145;224.567357773634;25.6832596181843;613.590281827018;293.393974732751;12.401166180758;262.324198250729;34.1032069970846;90;7;90;7;91;8;1;14
"Meudon";92048;18009.8034513798;7966.52222118616;620.355762803387;8040.74572953666;787.290892512997;18343.4175620156;8166.84095441515;464.446165428796;8347.98689177481;795.292066120522;18071.4890924951;7750.89284406736;593.487576401039;8245.51546827533;820.77655473237;89;8;90;7;89;8;-1;14
"Montrouge";92049;22469.2831914218;9675.47977307323;738.898470758179;10008.423228595;1207.20725393892;23330.1226330102;9796.68258009012;851.790108057005;10595.3798456473;1205.91016147529;22556.7638816714;9509.68088931158;916.258195556796;9989.27872409066;1117.7241647747;88;9;87;9;86;9;-1;0
"Nanterre";92050;36411.7769175952;15804.6269381652;1478.86806355847;15431.9056151059;1976.4453442012;35922.0517264653;15555.7494724654;1366.44658912941;15191.3578780991;2010.43834088139;38707.1354831069;16871.9118145792;1288.69304526106;16155.720238537;2005.78244618536;86;9;86;9;85;9;-1;0
"Neuilly-sur-Seine";92051;19347.4392697068;8007.58375550152;547.639062351869;9244.06714119765;831.153816674338;19526.815145801;7972.36910865605;534.624086410756;9401.39090042899;898.517402536746;19326.3509493586;7872.70214984329;505.697611510073;9561.13388639508;716.293221827911;89;7;89;7;90;6;1;-14
"Le Plessis-Robinson";92060;11818.4645013232;5325.20734475955;319.794731358288;5355.33450237845;446.073309676069;13092.6974209441;5893.44829813742;305.961376509646;5978.66650369242;489.579945991621;13208.8264710824;6110.34527697751;246.898249434495;6063.38975013539;423.150184194038;90;6;91;6;92;5;1;-17
"Puteaux";92062;20998.944768657;9448.28114720943;808.498952320607;8904.23852892971;995.425218706154;20225.2162735535;8981.2283451721;696.773918854753;8902.89229097194;983.924232679237;20825.963375436;9263.37511134613;589.745060861749;9240.0207024564;928.401562652028;87;9;88;8;89;7;1;-12
"Rueil-Malmaison";92063;34383.4892962247;15409.366450788;851.767553061566;15624.0496533026;1214.76775003986;33631.1088270336;14768.1350418835;809.560745535126;15639.363974982;1311.82671443975;32122.2785784751;13892.9645765252;752.513085127595;15168.0755402236;1100.61522913768;90;6;90;6;90;6;0;0
"Saint-Cloud";92064;11440.1888876104;5118.11829253774;305.045824024449;5157.52775151216;529.690798506018;11145.6995288656;4770.41322911942;344.994904227302;5120.76064406494;580.704199641127;11616.2034003235;5149.65534706322;284.787774339182;5269.12096150425;524.512531177272;90;7;89;8;90;7;1;-12
"Sceaux";92071;7331.44246103788;3322.84283341357;214.080148826294;3260.05731002253;318.296738124982;7216.0939998279;3097.40887922542;294.334403129746;3175.88908342618;402.699243328117;6993.22115448351;3094.21084120349;218.504305816198;3129.70069756444;251.416257981315;90;7;87;10;89;7;2;-30
"Sèvres";92072;9798.90137932452;4171.06423785078;280.905715043149;4566.72626026957;476.929851983576;9163.6425147737;3910.48138261333;263.25087227246;4278.7756654212;418.445765710146;9200.69952165042;3929.51895771291;252.656662591822;4267.91529051445;424.619063515669;89;8;89;7;89;7;0;0
"Suresnes";92073;20294.7593160294;8819.84507149339;693.115675279054;9157.64252207818;1000.45816718204;20990.4955947605;9043.39070088767;553.426170970162;9856.42120115542;828.761852042407;21846.7456015998;9491.94356497627;638.209125533428;10106.9476343463;860.280302609777;89;8;90;7;90;7;0;0
"Vanves";92075;11915.3190507547;4972.99326022349;416.792281676221;5494.55436022345;537.539169292886;12280.7889533769;5254.91997942653;482.195825539228;5406.03549778297;705.943671806587;11814.5976941411;4898.97203547064;477.893446516084;5259.01068166257;615.924477337872;88;8;87;10;86;9;-1;-10
"Vaucresson";92076;3074.97376719785;1395.02236408996;80.9390930223469;1394.7326878166;132.495629224915;3030.94247990432;1359.13229997328;90.20251234007;1356.2723424677;133.135297286538;3001.33942176831;1311.2453248904;85.8651559653638;1384.74655204624;131.740960526175;91;7;90;7;90;7;0;0
"Ville-d'Avray";92077;3959.86790518635;1784.93182369874;111.254562124962;1789.74565071881;135.471282254776;4079.26484200674;1862.15625630264;106.698672331078;1751.25607189009;173.897465465693;4341.71212491329;1848.49867647379;129.089288478174;2007.32046592739;208.535893312348;90;6;89;7;89;8;0;14
"Villeneuve-la-Garenne";92078;9690.48774494599;4103.17622192429;349.904095619759;4311.58765817656;478.932691539655;9170.01192912116;3775.1930757157;334.186414670675;3980.91281961316;537.917743872925;8246.35484462599;3417.63907642229;352.448251518895;3583.03591311273;463.912815033962;87;9;85;10;85;10;0;0
"Aubervilliers";93001;25769.7165635884;11807.5759655031;1523.96825563688;9474.48285653735;1508.44084385114;26125.6713281078;11966.800344424;2072.23993727822;9090.82019485573;1589.29836974626;29613.9572578425;13547.5408556592;2325.1420384618;10338.4707014137;1713.68065174448;83;12;81;14;81;14;0;0
"Aulnay-sous-Bois";93005;29745.0443627875;13343.9501151135;1178.28781712855;12263.4201678367;1310.81538185954;27935.2181369893;12123.9410208279;1110.84808673893;11718.1958629647;1474.1469814012;29415.3120141282;13053.7033419641;1363.91387507536;11799.7740538535;1504.93006034859;86;8;85;9;84;10;-1;11
"Bagnolet";93006;12626.9526063222;5218.04695871796;767.109165862254;5426.48998398869;708.787055155043;13425.0293260064;5453.27884590101;814.54407138467;5386.37368764732;880.803346605772;13285.4696752127;5510.2794325263;896.255584959437;5273.27151066772;1014.10569986216;84;12;81;13;81;14;0;8
"Le Blanc-Mesnil";93007;18573.9453197437;8098.9805390412;645.627501369165;7976.09568875201;875.83007100142;18098.3661025879;8057.35953674431;712.290918440238;7522.55725609852;908.856362556592;18825.4520618962;8468.46943101658;897.861118384577;7425.93264951621;941.07686652908;87;8;86;9;84;10;-2;11
"Bobigny";93008;16626.4172280595;7450.43228186068;684.146636083592;6810.47417095974;851.343043474655;16570.692047268;7223.49933692017;988.899588685523;6569.2275894783;923.80447975167;17173.3800751624;7785.43361949117;1044.60881468073;6476.99823343965;934.612271826512;86;9;83;12;83;12;0;0
"Bondy";93010;19197.457859437;8446.2846814688;762.712481319682;8025.58687006439;1022.48772874677;18498.3590921494;7866.22579071191;846.800469368039;7784.16679236218;1101.85790583443;18091.8527558533;7870.22727275278;788.623791555844;7371.34911980248;1154.04469661509;86;9;85;11;84;11;-1;0
"Le Bourget";93013;5284.9762615985;2328.10312528102;221.411872936428;2178.09455310798;308.276682996057;6223.40222909378;3093.31202198015;310.752120993367;2200.14674249973;296.192288523563;5988.61402643758;3012.31398611606;282.780997175441;2105.47021280432;271.363857457693;85;10;85;10;85;9;0;-10
"Clichy-sous-Bois";93014;8768.32612733655;4251.10428085445;453.840275515392;3096.97587601333;543.901148361415;8527.19795701035;3984.52606009301;563.70301592924;2924.55739031049;587.25227692081;8141.4767388758;3758.8527636628;494.081691466252;2899.38560495519;580.321382079029;84;11;81;13;82;13;1;0
"Coubron";93015;2001.32795553947;864.021271534886;46.820251226802;937.071643682094;76.7055179673139;1909.25462318536;796.111038282761;52.0889758978345;913.34069601449;64.8655171557939;1937.03294710373;826.432222791193;35.7508549406633;906.16260406985;85.2617515756456;90;6;90;6;89;6;-1;0
"La Courneuve";93027;11977.8047833507;5433.96704065038;738.976293394308;4242.62463175757;821.955079819823;12585.0342653507;5626.88696064812;993.749094106045;4509.97517073589;798.832739044069;14172.1145288937;6428.98230976121;1058.04820409512;4896.71880230519;882.566770489219;81;13;81;14;80;14;-1;0
"Drancy";93029;24381.8161767545;11376.8442767299;967.070980531985;9952.41628545542;1018.26211627783;25034.1985425124;11320.1457103589;1112.92593152333;10174.5849149636;1277.33883991619;25136.6571891415;11154.2142213374;1228.89748267386;10040.2630192567;1406.84484082074;87;8;86;10;84;10;-2;0
"Dugny";93030;4202.28977060993;1849.29842914512;176.89424988717;1757.04194249305;222.330618802205;3944.39643523165;1844.22790300391;134.029528920824;1564.52852361968;213.796648594055;3819.07675047106;1723.79326932532;183.977324800784;1492.00126675313;245.332572727305;86;10;86;9;84;11;-2;22
"Épinay-sur-Seine";93031;18749.3628947969;8369.58057523054;619.062356007041;7669.14954007537;1083.36099734183;18940.5942266586;8414.70586116538;713.761776608368;7883.02790729305;1048.88943787134;19104.8243414075;7940.38515827072;1097.58956260767;7603.98218413501;1325.97387338683;86;9;86;9;81;13;-6;44
"Gagny";93032;15620.1589540316;6725.11163540643;421.561896749039;7129.99176936161;687.586999659945;15579.9675587292;6621.22726350318;505.592033883736;7004.66846022216;748.630353887511;15336.4231434907;6575.50831704276;513.964403373099;6837.88792331718;725.416297773098;89;7;87;8;87;8;0;0
"Gournay-sur-Marne";93033;2563;1095;68;1188;94;2702;1161;74;1253;108;2772;1224;64;1269;101;89;6;89;7;90;6;1;-14
"L'Île-Saint-Denis";93039;2587.73911185474;1057.38242618166;122.651567701027;1112.47398875332;159.880165981933;2509.34604711289;1032.98717637954;104.456390780641;1050.62014240873;165.634466682939;2751.70738661314;1116.00744793271;144.759135594802;1131.11935745056;199.428207743457;84;11;83;11;82;13;-1;18
"Les Lilas";93045;8903.50419761198;3440.06760780084;448.951133613827;4149.40757413588;556.944521808129;8956.79178679745;3538.81926078301;505.070467576322;4021.01402950908;565.617693167085;9094.86594964081;3593.67963845687;605.088141723764;4025.63607872193;605.967427759416;85;11;84;12;84;13;0;8
"Livry-Gargan";93046;17421.4832118278;7736.28840740065;417.079553836348;7986.62096214031;661.580735528114;16972.3819997282;7183.88166688026;597.484392202662;7801.68145215771;711.773434217204;17346.0691930961;7441.23651654167;567.773096049112;7760.1134075005;808.25330054717;90;6;88;8;88;8;0;0
"Montfermeil";93047;8242.75283950972;3744.87608648561;234.564330053813;3507.02576849468;362.794372033379;8580.44654135323;3893.4336712729;259.26730350286;3608.20903408341;414.173692414191;9034.24746327769;4070.53980590171;287.218177658739;3756.36162918643;513.381004743508;88;7;87;8;87;9;0;12
"Montreuil";93048;40560.113777487;16812.3075070064;2365.27231365551;16884.6036843685;2459.90117952899;40670.0233236043;16560.1998341571;2769.19490335355;16424.3094004448;2971.49918297892;42006.3706096445;16728.426675445;2857.81077628134;17461.2301299952;3021.23369917293;83;12;81;14;81;14;0;0
"Neuilly-Plaisance";93049;8741.44156732494;3755.59490238607;276.834617288011;3845.17362587949;470.063453872559;8742.65475149197;3804.05951970038;268.786465095783;3916.44883185255;348.473486828596;8912.73461221646;3809.23891007593;325.244009493783;3983.45787472603;359.903962867645;87;9;88;7;87;8;-1;14
"Neuilly-sur-Marne";93050;14435.133987524;6199.22202163108;381.707519623714;6646.14312393035;644.258875232699;14638.8821689424;6319.90008253868;418.049441523993;6648.38898343347;713.860909530013;14391.8482386084;6098.63826357409;469.838623952697;6619.83703227048;654.145101195944;89;7;89;8;88;8;-1;0
"Noisy-le-Grand";93051;28002.2180045889;12224.291084193;938.848594198565;12099.6515194523;1189.11848851222;26602.9912196397;11365.8586894482;886.569851402122;11723.096213337;1188.05820526838;27915.9006903814;11828.9032042271;893.955732291559;12421.3637696266;1304.87088355951;87;8;87;8;87;8;0;0
"Noisy-le-Sec";93053;15083.1250135277;6475.04180472754;531.793762008608;6486.32747446209;831.548282172551;14652.389504454;6042.3343061213;709.124449288802;6302.58197395957;898.283876140851;15646.3381842267;6755.50578757198;792.52789932497;6369.11939597281;1024.28164014583;86;9;84;11;84;12;0;9
"Pantin";93055;20310.7429597034;8503.50947607244;1271.30307197719;8368.33440051809;1279.57058952927;20317.6653299969;8336.5258428677;1225.0355198554;8686.44501524766;1265.08708464976;23190.487218015;9765.56117655909;1461.32329096658;9425.97933647457;1572.13698054404;83;13;84;12;83;13;-1;8
"Les Pavillons-sous-Bois";93057;8430.93140190726;3637.92020741066;253.619179317659;3801.20447411658;370.628856335547;9146.95177526146;4086.87815367778;291.624279756133;4064.49191148342;384.885757762144;9329.84580449103;4095.29865407543;328.460873465594;4018.24606547277;482.90975609887;88;7;89;7;87;9;-2;29
"Pierrefitte-sur-Seine";93059;10401.6920236262;4777.19919986444;425.914034788237;4036.69402369452;526.020477108762;9773.80873511604;4581.34325918412;545.129759227973;3604.56419866429;567.628028253505;9936.29805372319;4688.71598424419;558.743042477352;3639.9061466675;559.591696285748;85;9;84;11;84;11;0;0
"Le Pré-Saint-Gervais";93061;7110.43185592966;2900.6489624724;384.456485732693;3087.41291804039;447.877517701582;7261.18423769656;2831.46580077105;442.413991050535;3300.55439148291;400.639650473746;6886.71157145557;2869.76553373095;416.974864939865;2883.86342017983;432.854480180482;84;12;84;12;84;12;0;0
"Le Raincy";93062;5304.80009406454;2135.29502910997;236.585446439775;2500.7878831882;194.764475623556;5649.33201612685;2423.16080404175;165.171720328353;2549.56551704157;266.748546645801;5804.95778952536;2379.84845187589;185.622142897566;2705.57103710275;262.500936072667;87;8;88;8;88;8;0;0
"Romainville";93063;9235.9999189569;3903.1508722898;397.724368994598;3921.36198812173;536.477293153815;8747.02141594341;3450.34371952796;474.592493642607;3941.20057958304;511.636558807806;10427.537785572;4277.69662860766;513.732436867269;4471.38172592332;632.936347241633;85;10;85;11;84;11;-1;0
"Rosny-sous-Bois";93064;17297.7380645094;7613.75725488928;562.57125809995;7625.94918120852;776.53613115669;17765.7165793242;7703.38054490332;624.498624240185;7751.90005343251;922.101109322411;18272.2913206174;8119.40949815619;693.311866915814;7857.20678653365;858.914860129929;88;8;87;9;87;8;0;-11
"Saint-Denis";93066;37826.4764732985;15949.9463077778;2466.98325660922;14716.8725457578;2448.39111315436;39595.2115373216;17351.9517890603;2574.59579911388;15399.3284337309;2330.24733562715;38787.6368597381;16628.6654160198;2490.83152398635;14570.1325503149;2513.68277252453;81;13;83;12;80;13;-4;8
"Saint-Ouen-sur-Seine";93070;18077.7305336906;7620.71013941535;1144.91467877182;7169.57789093596;1146.29907244061;18583.1858758514;7758.92911749178;1123.68750465462;7374.58121252078;1288.94288266504;20336.2270894489;8452.34247196808;1142.23643854824;8323.98651822681;1298.60284560872;82;13;81;13;82;12;1;-8
"Sevran";93071;18238.7602961889;8238.18425270523;688.379081350168;7366.24683198456;891.608951986028;17258.2242080207;7512.53018179843;800.450879375446;6984.03177893575;927.119639042809;16749.5170580721;7465.95280979607;647.715282897862;6673.66937776032;890.024010404853;86;9;84;10;84;9;0;-10
"Stains";93072;11429.5180569558;4959.82873133973;537.314613043192;4536.62693004395;669.179971524595;12029.3205235105;5324.79292453986;639.267518819238;4742.27368123722;654.588839225769;12194.0110555577;5102.8568819017;843.159388569686;4568.88860353052;837.092838259794;83;11;84;11;79;14;-6;27
"Tremblay-en-France";93073;13976.6546813824;6178.37006454432;385.885137906617;6037.22516248515;612.490102745746;13400.7907124711;5849.91816127956;490.112823756062;5726.79545857182;639.877041754826;13848.3956375141;6055.17819978139;453.235787433452;5851.9289541806;685.009947800686;87;7;86;8;86;8;0;0
"Vaujours";93074;2732.47788516882;1215.84528399999;92.3987879938397;1193.10638002927;95.4803444209948;3099.45747554644;1387.10905920856;83.014726418614;1377.66253919341;123.810024806649;2881.05816285403;1291.19767231871;74.6901040314914;1248.17673200478;137.3871630774;88;7;89;7;88;7;-1;0
"Villemomble";93077;11200.0588500537;4894.44370044112;365.124348694408;5023.85135216608;507.968811319583;11733.9505874701;5012.97716836253;485.776103095022;5249.09373259937;587.947154183163;11922.8904071631;5221.12394628097;391.487590210459;5419.45993471442;434.06594389499;89;8;87;9;89;7;2;-22
"Villepinte";93078;13925.1220111141;6183.43643720333;409.89808460172;5974.78491461256;550.009563206043;12678.5242741503;5593.40748276596;455.389660854406;5382.87791234893;614.607761836102;12651.8444148885;5589.87718191609;455.600767444101;5287.41678505179;637.987137231187;87;7;87;8;86;9;-1;12
"Villetaneuse";93079;4391.64522550313;1856.53171457872;207.134864071757;1732.0697963733;284.059884050549;4264.16638509442;1774.0628571716;236.912706322974;1781.87171845613;159.246056645448;4395.85194390859;1712.04157904278;255.246719614842;1816.04204528832;298.275826418622;82;11;83;9;80;13;-4;44
"Ablon-sur-Seine";94001;2220.11276623547;956.187181497453;60.9481902521888;1057.10139814452;75.935450150268;2205.54054054054;966.677477477477;60.2306306306306;1017.68828828829;66.1549549549549;2362.2019168664;1013.37540621723;66.6947425929847;1095.98375514741;96.5580601719331;91;6;90;6;89;7;-1;17
"Alfortville";94002;19005.342061257;8131.00137440842;806.673074082108;8120.64735539969;928.909550327197;18727.3896550776;8084.85884520138;676.574316188005;8104.82321141634;1037.00807153126;18435.9207349448;7674.94821070187;891.565733002641;7981.72827765818;988.623602287286;86;9;86;9;85;10;-1;11
"Arcueil";94003;8202.13750433433;3342.35605610638;352.469030275567;3692.55326338965;502.608761196991;8128.98701442252;3380.81828717686;345.166176261754;3616.40416125014;469.870036099237;9030.83484471749;3812.19095363677;455.536865501199;3799.11837833977;527.161765157535;86;10;86;10;84;11;-2;10
"Boissy-Saint-Léger";94004;6782.22317947813;3067.24547807443;193.113810867126;2939.54892344688;277.894651873475;6598.00069528461;3019.16019104199;163.38502107686;2832.10377076857;291.902158240303;6344.44474735594;2764.23777426455;272.809117110762;2654.98124470148;330.656620516199;89;7;89;7;85;10;-4;43
"Bonneuil-sur-Marne";94011;6482.19736973111;2727.92355931468;217.248461954139;2898.15752951813;350.380164485733;6047.38452079352;2504.90994192579;209.887738639286;2666.81545848006;351.653569355452;6608.69102842195;2699.55583956156;327.305283079899;2802.72110580503;428.157643342976;87;9;86;9;83;11;-3;22
"Bry-sur-Marne";94015;6405.13337211255;2681.25419349959;163.324928758662;3115.29762614044;195.020941088083;6905.1309909256;2901.53433418147;202.98634930664;3273.5453684192;251.481019244124;6818.05499384741;2874.02319204894;216.659206723815;3222.70002589784;247.819836179651;90;6;89;7;89;7;0;0
"Cachan";94016;11099.0524024338;4425.12030472078;412.800943838849;5273.42546394054;589.987921329774;11293.6590476979;4697.36789918744;468.773025303082;4991.02206027978;602.210138837636;12133.653034725;4890.73319211977;518.57789428716;5415.12281292457;733.051591848052;87;9;86;9;85;10;-1;11
"Champigny-sur-Marne";94017;29686.2497099079;12898.1089973983;972.485256027258;13102.936318507;1415.76705889996;29433.7631454766;12312.516872867;1309.15188207843;13124.1013746713;1476.03855389745;29488.3951332355;12671.6667002032;1023.94581138213;12752.8611406201;1517.2482513417;88;8;86;9;86;9;0;0
"Charenton-le-Pont";94018;12484.9252828891;5188.60871885091;364.950192432831;5950.39985053753;612.823281322214;12743.0441572545;5237.68211477483;427.927523128192;5940.27572083426;728.009071343448;12477.0075947716;5188.43139022673;403.879726132215;5873.15550396674;579.135056581282;89;8;88;9;89;8;1;-11
"Chennevières-sur-Marne";94019;7055.3659744431;3160.52777089659;214.645871614875;3097.58913160518;318.823643588916;6932.65567476607;3001.62142807725;203.458755056465;3097.74316405667;322.306098366057;6959.79988170078;2979.54723423831;258.513554232188;3103.52731837884;291.16782642843;89;8;88;8;87;8;-1;0
"Chevilly-Larue";94021;8194.5746969151;3595.57340537417;298.553453781552;3585.35709102288;330.21382978422;8373.75659605391;3595.73059538889;312.716041176683;3744.11049233902;336.942971725685;7782.43107362191;3339.96136536258;285.819174377342;3464.48340024204;332.294211609115;88;8;88;8;87;8;-1;0
"Choisy-le-Roi";94022;16324.3594452535;7184.84733614769;628.698939542239;7144.27678876336;742.582162867114;17736.3804084853;7867.44239794137;619.957713745323;7453.42942720213;876.522723664746;18613.804361368;8085.61545923477;814.416989494215;7781.67571736074;1005.74631996957;88;8;86;8;85;10;-1;25
"Créteil";94028;36077.8621412239;15171.0551707345;1216.86762658001;16170.1605040772;1767.38000577118;34665.7107372556;14445.2456823927;1290.58966065927;15596.4777300293;1714.74249930275;36034.8503098977;14838.61661347;1309.12481984801;16067.3870931164;1991.65214999656;87;8;87;9;86;9;-1;0
"Fontenay-sous-Bois";94033;21925.7616583057;9109.1326325395;802.945401928953;10185.2942307406;1019.41425318771;21340.8968034909;9114.9889070982;857.949898680988;9516.26756578472;1054.37948225659;20812.409371166;8523.19333992231;1000.28984232905;9328.72091119865;1237.06614509161;88;8;87;9;86;11;-1;22
"Fresnes";94034;10613.1221314835;4774.84253443415;265.597857401003;4885.34557631959;359.817650073321;11130.102750232;4983.88119504079;296.514200586945;5093.59727871029;420.832623577079;11395.2229861767;4962.91717061027;397.218342581265;4900.36423565843;557.730486551173;91;6;91;6;87;8;-4;33
"Gentilly";94037;7130.32078024748;2904.29833286388;321.331549626942;3172.79832509993;411.033775664076;6639.65688928602;2784.0096323504;308.144789885954;2846.04281821143;405.202225573355;7804.36130618594;3147.8765409331;418.869269192153;3300.19552308189;522.584651890397;85;10;85;11;83;12;-2;9
"L'Haÿ-les-Roses";94038;12192.8088395188;5320.45204946574;350.899689532319;5598.67664468191;453.920950871046;12095.1938999787;5348.82365384265;303.337648780947;5536.37473458853;474.908066362993;11950.0852833063;5045.9127322527;385.783997412051;5492.69331717463;514.904274292483;90;7;90;6;88;8;-2;33
"Ivry-sur-Seine";94041;22830.4122418297;10019.1431479289;1212.23727976331;9044.69526744359;1378.08350147838;23381.6929941633;9811.48313275122;1322.59035776505;9755.1718683778;1363.08217883235;25016.0364273594;10372.6814262424;1392.69666899762;10511.5615661221;1488.2342598425;84;11;84;11;83;12;-1;9
"Joinville-le-Pont";94042;7364.34354769558;3047.00282318587;303.250226874166;3408.85203728261;378.318136128077;7138.23093668139;3042.21122067112;265.750866705342;3223.95380358421;347.733850975119;7756.98980636928;3454.98546835958;253.215676705019;3474.97799118598;251.991604039323;88;9;88;9;89;7;1;-22
"Le Kremlin-Bicêtre";94043;11596.5648477407;5043.15863128202;636.64942396981;4768.68349441596;649.640405725456;11389.6554538235;4722.25413319347;608.3769417401;4846.36209036573;705.240520759561;10463.8147309595;4387.11426712526;529.083541200974;4379.52217105212;663.724778425412;85;11;84;12;84;11;0;-8
"Limeil-Brévannes";94044;8165.34245321671;3579.91620136201;177.965542152181;3808.30526834914;327.650654680665;9724.11227066272;4230.04727409391;251.361556862609;4485.82012953278;373.930076667822;11646.0370272842;5000.54550487747;338.895293506594;5441.38011541601;505.969136189185;90;6;90;6;90;7;0;17
"Maisons-Alfort";94046;23642.2181886804;10143.1629659567;798.438767423302;10677.1683101851;1047.49153762205;24029.6102145994;9992.86758106233;1095.43021411555;11012.7109103255;1015.19290561321;24602.0840299885;10426.3582169144;794.878538819344;11108.8843180669;1263.97865123122;88;8;87;9;88;8;1;-11
"Mandres-les-Roses";94047;1843.37126114564;787.763629030362;94.8096297985851;798.64230385652;100.804730819252;1740.60118906064;735.294649227111;82.1942925089181;788.806658739596;71.8749108204519;1868.73886669626;826.93741677763;47.8224589436307;853.500517828081;69.7410859594615;86;11;88;9;90;6;2;-33
"Marolles-en-Brie";94048;2162;924;61;982;69;1956;819;64;911;65;1885;813;44;871;60;88;6;88;7;89;6;1;-14
"Nogent-sur-Marne";94052;12918.9645050228;5629.56954292877;356.52711494379;6138.01678908528;490.399650148935;13113.989281671;5442.25170377411;424.214863964794;6246.67123384831;583.886658385353;13385.556562057;5670.07176479085;374.401997343778;6396.47121567974;534.093772105139;91;7;89;8;90;7;1;-12
"Noiseau";94053;1890;869;29;888;47;1953;878;42;891;71;1891;838;39;883;73;93;4;91;6;91;6;0;0
"Orly";94054;8037.06895863855;3418.77124088299;238.899852827565;3498.35933781558;425.564025145856;8289.9559510127;3573.66266700026;286.711377277902;3668.3043695124;378.107726827362;8752.77677773726;3860.67388894956;330.910111817884;3750.39703067171;462.840253852354;86;8;87;8;87;9;0;12
"Ormesson-sur-Marne";94055;3751.53413054075;1674.79966193374;91.7413384279132;1714.69959432049;145.606247150023;3742.5798168098;1648.47035134509;64.0852708357842;1756.92234814411;138.029814107843;3858.70485843822;1708.70250032605;68.2473555387419;1813.31142711163;139.860656163202;90;6;91;5;91;5;0;0
"Périgny";94056;995.943604605266;466.528109533088;22.8629114157995;445.701598119664;33.0422677194776;1042.82341269967;470.109532024464;23.3429961956107;468.042013711911;34.7129822782031;1135.42427932501;501.928809202059;30.1005515214807;516.048951839028;42.1744057243173;92;6;90;6;90;6;0;0
"Le Perreux-sur-Marne";94058;13309.5729716638;5674.16801777834;386.254199665201;6260.11925201539;628.422011284734;13863.1354803735;5812.04253439236;457.987132360918;6525.98396683854;529.458878274378;14100.7390893618;5944.15288500575;345.080455525432;6673.69688257699;585.031060284261;90;8;89;7;89;7;0;0
"Le Plessis-Trévise";94059;7939.39864249548;3475.56994969461;223.533872036528;3695.771327628;310.350346342775;7852.74022187724;3508.87744745241;183.674655732909;3633.93260371704;311.034983515596;8170.73425192285;3612.18313212608;140.312821119451;3862.48341650243;257.304349782508;90;7;91;6;91;5;0;-17
"La Queue-en-Brie";94060;4838.05496211053;2145.35242878812;157.635433556736;2205.50229967121;138.826967003669;4974.93703405177;2140.46432386615;141.341152288868;2319.34004400055;164.188559490633;4908.21480344436;2108.32619831971;171.628576964543;2291.81884461876;156.730202987262;90;6;90;6;90;7;0;17
"Rungis";94065;2723.71279473726;1210.69849504873;55.1490495159415;1297.42092170451;71.9044616912478;2767.24341502956;1184.60451593915;62.6153697393099;1316.51012648232;99.2158529347226;2637.04963636139;1108.28078706488;50.4170479831672;1287.4533829882;98.6064539524119;92;5;90;6;91;6;1;0
"Saint-Mandé";94067;8750.12245187715;3565.48723329332;294.89465379857;4126.31185720105;510.594160063507;8374.88884765915;3501.160238005;316.100457366225;3842.25661405398;463.334485388122;8329.70912132238;3451.10551013607;308.599097482547;3774.80767500161;483.270125768877;88;9;88;9;87;10;-1;11
"Saint-Maur-des-Fossés";94068;30571.1853427757;13035.5667648254;971.68595300652;14215.7418690531;1244.69929144003;28733.9320209233;12252.0425604127;887.372112582024;13338.9636359913;1269.34092369274;29342.6153048307;12371.5176155488;811.688045724826;13924.1838332964;1266.98412384373;89;7;89;8;90;7;1;-12
"Saint-Maurice";94069;6354.21034967115;2656.3917177532;215.295789945728;3006.94822483868;298.085062375883;6594.54076341647;2748.40280750851;209.013704323895;3091.51333205115;246.201490917855;5742.22566204749;2439.37102864397;209.343238893973;2605.52874940522;271.373459382523;89;8;89;7;88;8;-1;14
"Santeny";94070;1326.17967418425;604.680504026709;35.6256077053074;594.28053615016;43.7732976403925;1206.77991975356;552.358222295484;22.9364017106417;549.035806574456;48.7918897121166;1446.80390573743;629.176988647659;33.1780051651895;659.084869905943;46.2246301874515;90;6;91;6;89;5;-2;-17
"Sucy-en-Brie";94071;10554.570953072;4610.97849678324;279.047563114382;4845.55003759753;423.757937514538;9967.32035278559;4425.74927568309;224.793299309394;4488.55906022503;436.295886757371;10422.2863910176;4505.24928821276;290.000944238468;4829.05518508005;402.037871556473;90;7;89;7;90;7;1;0
"Thiais";94073;12422.0214278841;5617.84347595701;384.51394762005;5466.42424847052;442.861085926161;12017.3104551442;5278.58082859583;267.556434605402;5476.88288879263;454.880917773179;12431.5074897497;5334.82693329396;485.260821589396;5625.55774191531;461.319168900162;89;7;89;6;88;8;-1;33
"Valenton";94074;4645.68745983895;2034.41710698638;133.246658776167;1995.68143665597;208.225766132889;4751.42090141095;2025.93377448814;159.879844134078;1989.82245318774;293.800875677276;5113.95331674562;2251.03894949528;252.135230425109;1996.65201732325;327.941884614978;87;7;85;10;83;11;-2;10
"Villecresnes";94075;3910.30268873398;1737.69228857185;90.9366489354691;1837.51337359823;118.628264424037;3901.66825972877;1717.86710679724;82.5113357002074;1793.36582965933;146.901178349853;4290.00995027037;1868.78379143199;115.027099446372;2012.97424031151;148.969522233826;91;5;90;6;90;6;0;0
"Villejuif";94076;21751.9763527237;9366.59454676966;716.798141063586;9630.46863512793;1146.2374426251;22452.909532619;9431.91004758506;982.388703087643;9864.6852142737;1225.68237026649;20915.2744293218;8484.59685513788;906.406574824966;9276.94030166172;1219.26548212847;87;9;86;10;85;10;-1;0
"Villeneuve-le-Roi";94077;7330.54628913947;3422.23988049284;209.632835852228;3099.57711995002;310.325578168889;8056.46928707042;3576.33830200039;280.123895635592;3413.03751833534;378.355524901719;8149.25926733462;3645.57610667339;235.962566816853;3515.77669397136;402.631371273079;89;7;87;8;88;8;1;0
"Villeneuve-Saint-Georges";94078;12332.2243725308;5648.62430777603;614.458619815575;4882.09113555054;594.732813975686;12810.9802928035;5902.13159479041;565.240861593885;4859.87358739454;787.078129177285;12264.9875558813;5561.47236971433;709.905000435672;4411.12832421032;768.073935717567;85;10;84;11;81;12;-4;9
"Villiers-sur-Marne";94079;11571.3080712988;5002.01951101431;330.795150917237;5312.22733373145;481.375618332243;11381.0432706048;5095.79884045557;309.038909947617;5008.64149971211;477.54638404136;12044.6242830765;5448.83450146428;308.325494650336;5195.76853727941;462.021781790657;89;7;89;7;88;6;-1;-14
"Vincennes";94080;22398.2864929126;9410.71833527992;836.244030659145;10304.3153688925;1125.86307780026;22313.3033753228;9431.96637957506;684.51578019897;10375.0159519992;1146.3099784226;22200.422221961;9208.92774743511;791.206727313914;10400.3133569172;1000.69556367347;88;9;89;8;88;8;-1;0
"Vitry-sur-Seine";94081;32753.5047427219;14341.9035571224;1212.02356854349;13993.1942686998;1695.57608628141;33692.8511177617;14778.8201312657;1249.29207252782;14330.4005019423;1687.45500913169;35091.5569201225;15502.4144806274;1463.52187293511;14547.0471065529;1889.60957597629;87;9;86;9;86;10;0;11
